cuadro,indicator,source_note,partner_specific,section,label,year,measure,value
13,Porcentaje de mujeres de 15 años y más que ha experimentado algún tipo de violencia en el ámbito público y/o privado a lo largo de su vida o en la relación de pareja actual o anterior.,Encuesta Experimental sobre la Situación de las Mujeres (ENESIM)-2018,1,,Total,2018,percent,68.8
13,Porcentaje de mujeres de 15 años y más que ha experimentado algún tipo de violencia en el ámbito público y/o privado a lo largo de su vida o en la relación de pareja actual o anterior.,Encuesta Experimental sobre la Situación de las Mujeres (ENESIM)-2018,1,zona de residencia,Urbana,2018,percent,68.1
13,Porcentaje de mujeres de 15 años y más que ha experimentado algún tipo de violencia en el ámbito público y/o privado a lo largo de su vida o en la relación de pareja actual o anterior.,Encuesta Experimental sobre la Situación de las Mujeres (ENESIM)-2018,1,zona de residencia,Rural,2018,percent,71.9
13,Porcentaje de mujeres de 15 años y más que ha experimentado algún tipo de violencia en el ámbito público y/o privado a lo largo de su vida o en la relación de pareja actual o anterior.,Encuesta Experimental sobre la Situación de las Mujeres (ENESIM)-2018,1,macro region geografica,Gran Santo Domingo,2018,percent,66.4
13,Porcentaje de mujeres de 15 años y más que ha experimentado algún tipo de violencia en el ámbito público y/o privado a lo largo de su vida o en la relación de pareja actual o anterior.,Encuesta Experimental sobre la Situación de las Mujeres (ENESIM)-2018,1,macro region geografica,Sur,2018,percent,69.8
13,Porcentaje de mujeres de 15 años y más que ha experimentado algún tipo de violencia en el ámbito público y/o privado a lo largo de su vida o en la relación de pareja actual o anterior.,Encuesta Experimental sobre la Situación de las Mujeres (ENESIM)-2018,1,macro region geografica,Este,2018,percent,49.4
13,Porcentaje de mujeres de 15 años y más que ha experimentado algún tipo de violencia en el ámbito público y/o privado a lo largo de su vida o en la relación de pareja actual o anterior.,Encuesta Experimental sobre la Situación de las Mujeres (ENESIM)-2018,1,macro region geografica,Norte o Cibao,2018,percent,78.5
14,Porcentaje de mujeres de 15 años y más que ha experimentado algún tipo de violencia en el ámbito público a lo largo de su vida.,Encuesta Experimental sobre la Situación de las Mujeres (ENESIM)-2018,0,,Total,2018,percent,51.7
14,Porcentaje de mujeres de 15 años y más que ha experimentado algún tipo de violencia en el ámbito público a lo largo de su vida.,Encuesta Experimental sobre la Situación de las Mujeres (ENESIM)-2018,0,zona de residencia,Urbana,2018,percent,51.7
14,Porcentaje de mujeres de 15 años y más que ha experimentado algún tipo de violencia en el ámbito público a lo largo de su vida.,Encuesta Experimental sobre la Situación de las Mujeres (ENESIM)-2018,0,zona de residencia,Rural,2018,percent,51.7
14,Porcentaje de mujeres de 15 años y más que ha experimentado algún tipo de violencia en el ámbito público a lo largo de su vida.,Encuesta Experimental sobre la Situación de las Mujeres (ENESIM)-2018,0,macro region geografica,Gran Santo Domingo,2018,percent,54.2
14,Porcentaje de mujeres de 15 años y más que ha experimentado algún tipo de violencia en el ámbito público a lo largo de su vida.,Encuesta Experimental sobre la Situación de las Mujeres (ENESIM)-2018,0,macro region geografica,Sur,2018,percent,48.6
14,Porcentaje de mujeres de 15 años y más que ha experimentado algún tipo de violencia en el ámbito público a lo largo de su vida.,Encuesta Experimental sobre la Situación de las Mujeres (ENESIM)-2018,0,macro region geografica,Este,2018,percent,35.2
14,Porcentaje de mujeres de 15 años y más que ha experimentado algún tipo de violencia en el ámbito público a lo largo de su vida.,Encuesta Experimental sobre la Situación de las Mujeres (ENESIM)-2018,0,macro region geografica,Norte o Cibao,2018,percent,56.8
15,Porcentaje de mujeres de 15 años y más que ha experimentado algún tipo de violencia en el ámbito privado (a lo largo de la vida familiar o en la relación de pareja actual o anterior).,Encuesta Experimental sobre la Situación de las Mujeres (ENESIM)-2018,1,,Total,2018,percent,52.7
15,Porcentaje de mujeres de 15 años y más que ha experimentado algún tipo de violencia en el ámbito privado (a lo largo de la vida familiar o en la relación de pareja actual o anterior).,Encuesta Experimental sobre la Situación de las Mujeres (ENESIM)-2018,1,zona de residencia,Urbana,2018,percent,51.1
15,Porcentaje de mujeres de 15 años y más que ha experimentado algún tipo de violencia en el ámbito privado (a lo largo de la vida familiar o en la relación de pareja actual o anterior).,Encuesta Experimental sobre la Situación de las Mujeres (ENESIM)-2018,1,zona de residencia,Rural,2018,percent,60.2
15,Porcentaje de mujeres de 15 años y más que ha experimentado algún tipo de violencia en el ámbito privado (a lo largo de la vida familiar o en la relación de pareja actual o anterior).,Encuesta Experimental sobre la Situación de las Mujeres (ENESIM)-2018,1,macrorregion geografica,Gran Santo Domingo,2018,percent,44.8
15,Porcentaje de mujeres de 15 años y más que ha experimentado algún tipo de violencia en el ámbito privado (a lo largo de la vida familiar o en la relación de pareja actual o anterior).,Encuesta Experimental sobre la Situación de las Mujeres (ENESIM)-2018,1,macrorregion geografica,Sur,2018,percent,56.6
15,Porcentaje de mujeres de 15 años y más que ha experimentado algún tipo de violencia en el ámbito privado (a lo largo de la vida familiar o en la relación de pareja actual o anterior).,Encuesta Experimental sobre la Situación de las Mujeres (ENESIM)-2018,1,macrorregion geografica,Este,2018,percent,36.1
15,Porcentaje de mujeres de 15 años y más que ha experimentado algún tipo de violencia en el ámbito privado (a lo largo de la vida familiar o en la relación de pareja actual o anterior).,Encuesta Experimental sobre la Situación de las Mujeres (ENESIM)-2018,1,macrorregion geografica,Norte o Cibao,2018,percent,66.3
16,Porcentaje de mujeres de 15 años y más que ha experimentado algún tipo de violencia en el ámbito familiar a lo largo de la vida.,Encuesta Experimental sobre la Situación de las Mujeres (ENESIM)-2018,0,,País,2018,percent,32.8
16,Porcentaje de mujeres de 15 años y más que ha experimentado algún tipo de violencia en el ámbito familiar a lo largo de la vida.,Encuesta Experimental sobre la Situación de las Mujeres (ENESIM)-2018,0,zona de residencia,Urbana,2018,percent,31.1
16,Porcentaje de mujeres de 15 años y más que ha experimentado algún tipo de violencia en el ámbito familiar a lo largo de la vida.,Encuesta Experimental sobre la Situación de las Mujeres (ENESIM)-2018,0,zona de residencia,Rural,2018,percent,41.0
16,Porcentaje de mujeres de 15 años y más que ha experimentado algún tipo de violencia en el ámbito familiar a lo largo de la vida.,Encuesta Experimental sobre la Situación de las Mujeres (ENESIM)-2018,0,macrorregion geografica,Gran Santo Domingo,2018,percent,24.7
16,Porcentaje de mujeres de 15 años y más que ha experimentado algún tipo de violencia en el ámbito familiar a lo largo de la vida.,Encuesta Experimental sobre la Situación de las Mujeres (ENESIM)-2018,0,macrorregion geografica,Sur,2018,percent,32.7
16,Porcentaje de mujeres de 15 años y más que ha experimentado algún tipo de violencia en el ámbito familiar a lo largo de la vida.,Encuesta Experimental sobre la Situación de las Mujeres (ENESIM)-2018,0,macrorregion geografica,Este,2018,percent,21.0
16,Porcentaje de mujeres de 15 años y más que ha experimentado algún tipo de violencia en el ámbito familiar a lo largo de la vida.,Encuesta Experimental sobre la Situación de las Mujeres (ENESIM)-2018,0,macrorregion geografica,Norte o Cibao,2018,percent,46.9
17,Porcentaje de mujeres de 15 años y más que ha experimentado en algún momento algún tipo de violencia perpetrada por su pareja íntima actual o anterior.,Encuesta Experimental sobre la Situación de las Mujeres (ENESIM)-2018,1,,País,2018,percent,41.8
17,Porcentaje de mujeres de 15 años y más que ha experimentado en algún momento algún tipo de violencia perpetrada por su pareja íntima actual o anterior.,Encuesta Experimental sobre la Situación de las Mujeres (ENESIM)-2018,1,zona de residencia,Urbano,2018,percent,41.2
17,Porcentaje de mujeres de 15 años y más que ha experimentado en algún momento algún tipo de violencia perpetrada por su pareja íntima actual o anterior.,Encuesta Experimental sobre la Situación de las Mujeres (ENESIM)-2018,1,zona de residencia,Rural,2018,percent,44.8
17,Porcentaje de mujeres de 15 años y más que ha experimentado en algún momento algún tipo de violencia perpetrada por su pareja íntima actual o anterior.,Encuesta Experimental sobre la Situación de las Mujeres (ENESIM)-2018,1,macrorregion geografica,Gran Santo Domingo,2018,percent,38.0
17,Porcentaje de mujeres de 15 años y más que ha experimentado en algún momento algún tipo de violencia perpetrada por su pareja íntima actual o anterior.,Encuesta Experimental sobre la Situación de las Mujeres (ENESIM)-2018,1,macrorregion geografica,Sur,2018,percent,45.7
17,Porcentaje de mujeres de 15 años y más que ha experimentado en algún momento algún tipo de violencia perpetrada por su pareja íntima actual o anterior.,Encuesta Experimental sobre la Situación de las Mujeres (ENESIM)-2018,1,macrorregion geografica,Este,2018,percent,29.1
17,Porcentaje de mujeres de 15 años y más que ha experimentado en algún momento algún tipo de violencia perpetrada por su pareja íntima actual o anterior.,Encuesta Experimental sobre la Situación de las Mujeres (ENESIM)-2018,1,macrorregion geografica,Norte o Cibao,2018,percent,49.2
18,Porcentaje de mujeres de 15 años y más que han experimentado algún tipo de violencia a lo largo de la vida escolar.,Encuesta Experimental sobre la Situación de las Mujeres (ENESIM)-2018,0,,País,2018,percent,30.4
18,Porcentaje de mujeres de 15 años y más que han experimentado algún tipo de violencia a lo largo de la vida escolar.,Encuesta Experimental sobre la Situación de las Mujeres (ENESIM)-2018,0,,Urbano,2018,percent,29.7
18,Porcentaje de mujeres de 15 años y más que han experimentado algún tipo de violencia a lo largo de la vida escolar.,Encuesta Experimental sobre la Situación de las Mujeres (ENESIM)-2018,0,,Rural,2018,percent,34.4
18,Porcentaje de mujeres de 15 años y más que han experimentado algún tipo de violencia a lo largo de la vida escolar.,Encuesta Experimental sobre la Situación de las Mujeres (ENESIM)-2018,0,macrorregion geografica,Gran Santo Domingo,2018,percent,27.4
18,Porcentaje de mujeres de 15 años y más que han experimentado algún tipo de violencia a lo largo de la vida escolar.,Encuesta Experimental sobre la Situación de las Mujeres (ENESIM)-2018,0,macrorregion geografica,Sur,2018,percent,29.4
18,Porcentaje de mujeres de 15 años y más que han experimentado algún tipo de violencia a lo largo de la vida escolar.,Encuesta Experimental sobre la Situación de las Mujeres (ENESIM)-2018,0,macrorregion geografica,Este,2018,percent,20.6
18,Porcentaje de mujeres de 15 años y más que han experimentado algún tipo de violencia a lo largo de la vida escolar.,Encuesta Experimental sobre la Situación de las Mujeres (ENESIM)-2018,0,macrorregion geografica,Norte o Cibao,2018,percent,38.3
19,Porcentaje de mujeres de 15 años y más que han experimentado violencia a lo largo de su vida laboral.,Encuesta Experimental sobre la Situación de las Mujeres (ENESIM)-2018,0,,Total país,2018,percent,21.3
19,Porcentaje de mujeres de 15 años y más que han experimentado violencia a lo largo de su vida laboral.,Encuesta Experimental sobre la Situación de las Mujeres (ENESIM)-2018,0,,Urbano,2018,percent,21.2
19,Porcentaje de mujeres de 15 años y más que han experimentado violencia a lo largo de su vida laboral.,Encuesta Experimental sobre la Situación de las Mujeres (ENESIM)-2018,0,,Rural,2018,percent,21.9
19,Porcentaje de mujeres de 15 años y más que han experimentado violencia a lo largo de su vida laboral.,Encuesta Experimental sobre la Situación de las Mujeres (ENESIM)-2018,0,macrorregion geografica,Gran Santo Domingo,2018,percent,21.5
19,Porcentaje de mujeres de 15 años y más que han experimentado violencia a lo largo de su vida laboral.,Encuesta Experimental sobre la Situación de las Mujeres (ENESIM)-2018,0,macrorregion geografica,Sur,2018,percent,19.2
19,Porcentaje de mujeres de 15 años y más que han experimentado violencia a lo largo de su vida laboral.,Encuesta Experimental sobre la Situación de las Mujeres (ENESIM)-2018,0,macrorregion geografica,Este,2018,percent,12.8
19,Porcentaje de mujeres de 15 años y más que han experimentado violencia a lo largo de su vida laboral.,Encuesta Experimental sobre la Situación de las Mujeres (ENESIM)-2018,0,macrorregion geografica,Norte o Cibao,2018,percent,25.7
20,Porcentaje de mujeres de 15 años y más que han experimentado violencia en el ámbito comunitario a lo largo de su vida.,Encuesta Experimental sobre la Situación de las Mujeres (ENESIM)-2018,0,,Total país,2018,percent,19.5
20,Porcentaje de mujeres de 15 años y más que han experimentado violencia en el ámbito comunitario a lo largo de su vida.,Encuesta Experimental sobre la Situación de las Mujeres (ENESIM)-2018,0,,Urbano,2018,percent,39.5
20,Porcentaje de mujeres de 15 años y más que han experimentado violencia en el ámbito comunitario a lo largo de su vida.,Encuesta Experimental sobre la Situación de las Mujeres (ENESIM)-2018,0,,Rural,2018,percent,38.1
20,Porcentaje de mujeres de 15 años y más que han experimentado violencia en el ámbito comunitario a lo largo de su vida.,Encuesta Experimental sobre la Situación de las Mujeres (ENESIM)-2018,0,macrorregion geografica,Gran Santo Domingo,2018,percent,43.6
20,Porcentaje de mujeres de 15 años y más que han experimentado violencia en el ámbito comunitario a lo largo de su vida.,Encuesta Experimental sobre la Situación de las Mujeres (ENESIM)-2018,0,macrorregion geografica,Sur,2018,percent,33.2
20,Porcentaje de mujeres de 15 años y más que han experimentado violencia en el ámbito comunitario a lo largo de su vida.,Encuesta Experimental sobre la Situación de las Mujeres (ENESIM)-2018,0,macrorregion geografica,Este,2018,percent,23.7
20,Porcentaje de mujeres de 15 años y más que han experimentado violencia en el ámbito comunitario a lo largo de su vida.,Encuesta Experimental sobre la Situación de las Mujeres (ENESIM)-2018,0,macrorregion geografica,Norte o Cibao,2018,percent,43.2
21,Número de mujeres fallecidas en condiciones de violencia.,Registros administrativos de la Oficina de Estadísticas y Cartografía de la Policía Nacional,0,,Total,,count_total,1892.0
21,Número de mujeres fallecidas en condiciones de violencia.,Registros administrativos de la Oficina de Estadísticas y Cartografía de la Policía Nacional,0,,Total,2009,count,200.0
21,Número de mujeres fallecidas en condiciones de violencia.,Registros administrativos de la Oficina de Estadísticas y Cartografía de la Policía Nacional,0,,Total,2010,count,205.0
21,Número de mujeres fallecidas en condiciones de violencia.,Registros administrativos de la Oficina de Estadísticas y Cartografía de la Policía Nacional,0,,Total,2011,count,233.0
21,Número de mujeres fallecidas en condiciones de violencia.,Registros administrativos de la Oficina de Estadísticas y Cartografía de la Policía Nacional,0,,Total,2012,count,201.0
21,Número de mujeres fallecidas en condiciones de violencia.,Registros administrativos de la Oficina de Estadísticas y Cartografía de la Policía Nacional,0,,Total,2013,count,160.0
21,Número de mujeres fallecidas en condiciones de violencia.,Registros administrativos de la Oficina de Estadísticas y Cartografía de la Policía Nacional,0,,Total,2014,count,191.0
21,Número de mujeres fallecidas en condiciones de violencia.,Registros administrativos de la Oficina de Estadísticas y Cartografía de la Policía Nacional,0,,Total,2015,count,161.0
21,Número de mujeres fallecidas en condiciones de violencia.,Registros administrativos de la Oficina de Estadísticas y Cartografía de la Policía Nacional,0,,Total,2016,count,170.0
21,Número de mujeres fallecidas en condiciones de violencia.,Registros administrativos de la Oficina de Estadísticas y Cartografía de la Policía Nacional,0,,Total,2017,count,206.0
21,Número de mujeres fallecidas en condiciones de violencia.,Registros administrativos de la Oficina de Estadísticas y Cartografía de la Policía Nacional,0,,Total,2018,count,165.0
21,Número de mujeres fallecidas en condiciones de violencia.,Registros administrativos de la Oficina de Estadísticas y Cartografía de la Policía Nacional,0,clasificacion de la muerte,Feminicidio íntimo,,count_total,930.0
21,Número de mujeres fallecidas en condiciones de violencia.,Registros administrativos de la Oficina de Estadísticas y Cartografía de la Policía Nacional,0,clasificacion de la muerte,Feminicidio íntimo,2009,count,79.0
21,Número de mujeres fallecidas en condiciones de violencia.,Registros administrativos de la Oficina de Estadísticas y Cartografía de la Policía Nacional,0,clasificacion de la muerte,Feminicidio íntimo,2010,count,93.0
21,Número de mujeres fallecidas en condiciones de violencia.,Registros administrativos de la Oficina de Estadísticas y Cartografía de la Policía Nacional,0,clasificacion de la muerte,Feminicidio íntimo,2011,count,123.0
21,Número de mujeres fallecidas en condiciones de violencia.,Registros administrativos de la Oficina de Estadísticas y Cartografía de la Policía Nacional,0,clasificacion de la muerte,Feminicidio íntimo,2012,count,97.0
21,Número de mujeres fallecidas en condiciones de violencia.,Registros administrativos de la Oficina de Estadísticas y Cartografía de la Policía Nacional,0,clasificacion de la muerte,Feminicidio íntimo,2013,count,74.0
21,Número de mujeres fallecidas en condiciones de violencia.,Registros administrativos de la Oficina de Estadísticas y Cartografía de la Policía Nacional,0,clasificacion de la muerte,Feminicidio íntimo,2014,count,102.0
21,Número de mujeres fallecidas en condiciones de violencia.,Registros administrativos de la Oficina de Estadísticas y Cartografía de la Policía Nacional,0,clasificacion de la muerte,Feminicidio íntimo,2015,count,89.0
21,Número de mujeres fallecidas en condiciones de violencia.,Registros administrativos de la Oficina de Estadísticas y Cartografía de la Policía Nacional,0,clasificacion de la muerte,Feminicidio íntimo,2016,count,87.0
21,Número de mujeres fallecidas en condiciones de violencia.,Registros administrativos de la Oficina de Estadísticas y Cartografía de la Policía Nacional,0,clasificacion de la muerte,Feminicidio íntimo,2017,count,104.0
21,Número de mujeres fallecidas en condiciones de violencia.,Registros administrativos de la Oficina de Estadísticas y Cartografía de la Policía Nacional,0,clasificacion de la muerte,Feminicidio íntimo,2018,count,82.0
21,Número de mujeres fallecidas en condiciones de violencia.,Registros administrativos de la Oficina de Estadísticas y Cartografía de la Policía Nacional,0,clasificacion de la muerte,Feminicidio no íntimo,,count_total,72.0
21,Número de mujeres fallecidas en condiciones de violencia.,Registros administrativos de la Oficina de Estadísticas y Cartografía de la Policía Nacional,0,clasificacion de la muerte,Feminicidio no íntimo,2009,count,9.0
21,Número de mujeres fallecidas en condiciones de violencia.,Registros administrativos de la Oficina de Estadísticas y Cartografía de la Policía Nacional,0,clasificacion de la muerte,Feminicidio no íntimo,2010,count,6.0
21,Número de mujeres fallecidas en condiciones de violencia.,Registros administrativos de la Oficina de Estadísticas y Cartografía de la Policía Nacional,0,clasificacion de la muerte,Feminicidio no íntimo,2011,count,7.0
21,Número de mujeres fallecidas en condiciones de violencia.,Registros administrativos de la Oficina de Estadísticas y Cartografía de la Policía Nacional,0,clasificacion de la muerte,Feminicidio no íntimo,2012,count,9.0
21,Número de mujeres fallecidas en condiciones de violencia.,Registros administrativos de la Oficina de Estadísticas y Cartografía de la Policía Nacional,0,clasificacion de la muerte,Feminicidio no íntimo,2013,count,3.0
21,Número de mujeres fallecidas en condiciones de violencia.,Registros administrativos de la Oficina de Estadísticas y Cartografía de la Policía Nacional,0,clasificacion de la muerte,Feminicidio no íntimo,2014,count,8.0
21,Número de mujeres fallecidas en condiciones de violencia.,Registros administrativos de la Oficina de Estadísticas y Cartografía de la Policía Nacional,0,clasificacion de la muerte,Feminicidio no íntimo,2015,count,9.0
21,Número de mujeres fallecidas en condiciones de violencia.,Registros administrativos de la Oficina de Estadísticas y Cartografía de la Policía Nacional,0,clasificacion de la muerte,Feminicidio no íntimo,2016,count,4.0
21,Número de mujeres fallecidas en condiciones de violencia.,Registros administrativos de la Oficina de Estadísticas y Cartografía de la Policía Nacional,0,clasificacion de la muerte,Feminicidio no íntimo,2017,count,12.0
21,Número de mujeres fallecidas en condiciones de violencia.,Registros administrativos de la Oficina de Estadísticas y Cartografía de la Policía Nacional,0,clasificacion de la muerte,Feminicidio no íntimo,2018,count,5.0
21,Número de mujeres fallecidas en condiciones de violencia.,Registros administrativos de la Oficina de Estadísticas y Cartografía de la Policía Nacional,0,clasificacion de la muerte,Feminicidio familiar,,count_total,93.0
21,Número de mujeres fallecidas en condiciones de violencia.,Registros administrativos de la Oficina de Estadísticas y Cartografía de la Policía Nacional,0,clasificacion de la muerte,Feminicidio familiar,2009,count,9.0
21,Número de mujeres fallecidas en condiciones de violencia.,Registros administrativos de la Oficina de Estadísticas y Cartografía de la Policía Nacional,0,clasificacion de la muerte,Feminicidio familiar,2010,count,9.0
21,Número de mujeres fallecidas en condiciones de violencia.,Registros administrativos de la Oficina de Estadísticas y Cartografía de la Policía Nacional,0,clasificacion de la muerte,Feminicidio familiar,2011,count,12.0
21,Número de mujeres fallecidas en condiciones de violencia.,Registros administrativos de la Oficina de Estadísticas y Cartografía de la Policía Nacional,0,clasificacion de la muerte,Feminicidio familiar,2012,count,10.0
21,Número de mujeres fallecidas en condiciones de violencia.,Registros administrativos de la Oficina de Estadísticas y Cartografía de la Policía Nacional,0,clasificacion de la muerte,Feminicidio familiar,2013,count,8.0
21,Número de mujeres fallecidas en condiciones de violencia.,Registros administrativos de la Oficina de Estadísticas y Cartografía de la Policía Nacional,0,clasificacion de la muerte,Feminicidio familiar,2014,count,6.0
21,Número de mujeres fallecidas en condiciones de violencia.,Registros administrativos de la Oficina de Estadísticas y Cartografía de la Policía Nacional,0,clasificacion de la muerte,Feminicidio familiar,2015,count,10.0
21,Número de mujeres fallecidas en condiciones de violencia.,Registros administrativos de la Oficina de Estadísticas y Cartografía de la Policía Nacional,0,clasificacion de la muerte,Feminicidio familiar,2016,count,8.0
21,Número de mujeres fallecidas en condiciones de violencia.,Registros administrativos de la Oficina de Estadísticas y Cartografía de la Policía Nacional,0,clasificacion de la muerte,Feminicidio familiar,2017,count,9.0
21,Número de mujeres fallecidas en condiciones de violencia.,Registros administrativos de la Oficina de Estadísticas y Cartografía de la Policía Nacional,0,clasificacion de la muerte,Feminicidio familiar,2018,count,12.0
21,Número de mujeres fallecidas en condiciones de violencia.,Registros administrativos de la Oficina de Estadísticas y Cartografía de la Policía Nacional,0,clasificacion de la muerte,Feminicidio por conexión,,count_total,20.0
21,Número de mujeres fallecidas en condiciones de violencia.,Registros administrativos de la Oficina de Estadísticas y Cartografía de la Policía Nacional,0,clasificacion de la muerte,Feminicidio por conexión,2009,count,2.0
21,Número de mujeres fallecidas en condiciones de violencia.,Registros administrativos de la Oficina de Estadísticas y Cartografía de la Policía Nacional,0,clasificacion de la muerte,Feminicidio por conexión,2010,count,3.0
21,Número de mujeres fallecidas en condiciones de violencia.,Registros administrativos de la Oficina de Estadísticas y Cartografía de la Policía Nacional,0,clasificacion de la muerte,Feminicidio por conexión,2011,count,0.0
21,Número de mujeres fallecidas en condiciones de violencia.,Registros administrativos de la Oficina de Estadísticas y Cartografía de la Policía Nacional,0,clasificacion de la muerte,Feminicidio por conexión,2012,count,3.0
21,Número de mujeres fallecidas en condiciones de violencia.,Registros administrativos de la Oficina de Estadísticas y Cartografía de la Policía Nacional,0,clasificacion de la muerte,Feminicidio por conexión,2013,count,2.0
21,Número de mujeres fallecidas en condiciones de violencia.,Registros administrativos de la Oficina de Estadísticas y Cartografía de la Policía Nacional,0,clasificacion de la muerte,Feminicidio por conexión,2014,count,1.0
21,Número de mujeres fallecidas en condiciones de violencia.,Registros administrativos de la Oficina de Estadísticas y Cartografía de la Policía Nacional,0,clasificacion de la muerte,Feminicidio por conexión,2015,count,2.0
21,Número de mujeres fallecidas en condiciones de violencia.,Registros administrativos de la Oficina de Estadísticas y Cartografía de la Policía Nacional,0,clasificacion de la muerte,Feminicidio por conexión,2016,count,4.0
21,Número de mujeres fallecidas en condiciones de violencia.,Registros administrativos de la Oficina de Estadísticas y Cartografía de la Policía Nacional,0,clasificacion de la muerte,Feminicidio por conexión,2017,count,0.0
21,Número de mujeres fallecidas en condiciones de violencia.,Registros administrativos de la Oficina de Estadísticas y Cartografía de la Policía Nacional,0,clasificacion de la muerte,Feminicidio por conexión,2018,count,3.0
21,Número de mujeres fallecidas en condiciones de violencia.,Registros administrativos de la Oficina de Estadísticas y Cartografía de la Policía Nacional,0,clasificacion de la muerte,Feminicidio por prostitución,,count_total,1.0
21,Número de mujeres fallecidas en condiciones de violencia.,Registros administrativos de la Oficina de Estadísticas y Cartografía de la Policía Nacional,0,clasificacion de la muerte,Feminicidio por prostitución,2009,count,0.0
21,Número de mujeres fallecidas en condiciones de violencia.,Registros administrativos de la Oficina de Estadísticas y Cartografía de la Policía Nacional,0,clasificacion de la muerte,Feminicidio por prostitución,2010,count,0.0
21,Número de mujeres fallecidas en condiciones de violencia.,Registros administrativos de la Oficina de Estadísticas y Cartografía de la Policía Nacional,0,clasificacion de la muerte,Feminicidio por prostitución,2011,count,0.0
21,Número de mujeres fallecidas en condiciones de violencia.,Registros administrativos de la Oficina de Estadísticas y Cartografía de la Policía Nacional,0,clasificacion de la muerte,Feminicidio por prostitución,2012,count,0.0
21,Número de mujeres fallecidas en condiciones de violencia.,Registros administrativos de la Oficina de Estadísticas y Cartografía de la Policía Nacional,0,clasificacion de la muerte,Feminicidio por prostitución,2013,count,1.0
21,Número de mujeres fallecidas en condiciones de violencia.,Registros administrativos de la Oficina de Estadísticas y Cartografía de la Policía Nacional,0,clasificacion de la muerte,Feminicidio por prostitución,2014,count,0.0
21,Número de mujeres fallecidas en condiciones de violencia.,Registros administrativos de la Oficina de Estadísticas y Cartografía de la Policía Nacional,0,clasificacion de la muerte,Feminicidio por prostitución,2015,count,0.0
21,Número de mujeres fallecidas en condiciones de violencia.,Registros administrativos de la Oficina de Estadísticas y Cartografía de la Policía Nacional,0,clasificacion de la muerte,Feminicidio por prostitución,2016,count,0.0
21,Número de mujeres fallecidas en condiciones de violencia.,Registros administrativos de la Oficina de Estadísticas y Cartografía de la Policía Nacional,0,clasificacion de la muerte,Feminicidio por prostitución,2017,count,0.0
21,Número de mujeres fallecidas en condiciones de violencia.,Registros administrativos de la Oficina de Estadísticas y Cartografía de la Policía Nacional,0,clasificacion de la muerte,Feminicidio por prostitución,2018,count,0.0
21,Número de mujeres fallecidas en condiciones de violencia.,Registros administrativos de la Oficina de Estadísticas y Cartografía de la Policía Nacional,0,clasificacion de la muerte,Otras muertes (no feminicidio),,count_total,776.0
21,Número de mujeres fallecidas en condiciones de violencia.,Registros administrativos de la Oficina de Estadísticas y Cartografía de la Policía Nacional,0,clasificacion de la muerte,Otras muertes (no feminicidio),2009,count,101.0
21,Número de mujeres fallecidas en condiciones de violencia.,Registros administrativos de la Oficina de Estadísticas y Cartografía de la Policía Nacional,0,clasificacion de la muerte,Otras muertes (no feminicidio),2010,count,94.0
21,Número de mujeres fallecidas en condiciones de violencia.,Registros administrativos de la Oficina de Estadísticas y Cartografía de la Policía Nacional,0,clasificacion de la muerte,Otras muertes (no feminicidio),2011,count,91.0
21,Número de mujeres fallecidas en condiciones de violencia.,Registros administrativos de la Oficina de Estadísticas y Cartografía de la Policía Nacional,0,clasificacion de la muerte,Otras muertes (no feminicidio),2012,count,82.0
21,Número de mujeres fallecidas en condiciones de violencia.,Registros administrativos de la Oficina de Estadísticas y Cartografía de la Policía Nacional,0,clasificacion de la muerte,Otras muertes (no feminicidio),2013,count,72.0
21,Número de mujeres fallecidas en condiciones de violencia.,Registros administrativos de la Oficina de Estadísticas y Cartografía de la Policía Nacional,0,clasificacion de la muerte,Otras muertes (no feminicidio),2014,count,74.0
21,Número de mujeres fallecidas en condiciones de violencia.,Registros administrativos de la Oficina de Estadísticas y Cartografía de la Policía Nacional,0,clasificacion de la muerte,Otras muertes (no feminicidio),2015,count,51.0
21,Número de mujeres fallecidas en condiciones de violencia.,Registros administrativos de la Oficina de Estadísticas y Cartografía de la Policía Nacional,0,clasificacion de la muerte,Otras muertes (no feminicidio),2016,count,67.0
21,Número de mujeres fallecidas en condiciones de violencia.,Registros administrativos de la Oficina de Estadísticas y Cartografía de la Policía Nacional,0,clasificacion de la muerte,Otras muertes (no feminicidio),2017,count,81.0
21,Número de mujeres fallecidas en condiciones de violencia.,Registros administrativos de la Oficina de Estadísticas y Cartografía de la Policía Nacional,0,clasificacion de la muerte,Otras muertes (no feminicidio),2018,count,63.0
21,Número de mujeres fallecidas en condiciones de violencia.,Registros administrativos de la Oficina de Estadísticas y Cartografía de la Policía Nacional,0,region,Cibao Norte,,count_total,298.0
21,Número de mujeres fallecidas en condiciones de violencia.,Registros administrativos de la Oficina de Estadísticas y Cartografía de la Policía Nacional,0,region,Cibao Norte,2009,count,26.0
21,Número de mujeres fallecidas en condiciones de violencia.,Registros administrativos de la Oficina de Estadísticas y Cartografía de la Policía Nacional,0,region,Cibao Norte,2010,count,31.0
21,Número de mujeres fallecidas en condiciones de violencia.,Registros administrativos de la Oficina de Estadísticas y Cartografía de la Policía Nacional,0,region,Cibao Norte,2011,count,32.0
21,Número de mujeres fallecidas en condiciones de violencia.,Registros administrativos de la Oficina de Estadísticas y Cartografía de la Policía Nacional,0,region,Cibao Norte,2012,count,28.0
21,Número de mujeres fallecidas en condiciones de violencia.,Registros administrativos de la Oficina de Estadísticas y Cartografía de la Policía Nacional,0,region,Cibao Norte,2013,count,23.0
21,Número de mujeres fallecidas en condiciones de violencia.,Registros administrativos de la Oficina de Estadísticas y Cartografía de la Policía Nacional,0,region,Cibao Norte,2014,count,39.0
21,Número de mujeres fallecidas en condiciones de violencia.,Registros administrativos de la Oficina de Estadísticas y Cartografía de la Policía Nacional,0,region,Cibao Norte,2015,count,28.0
21,Número de mujeres fallecidas en condiciones de violencia.,Registros administrativos de la Oficina de Estadísticas y Cartografía de la Policía Nacional,0,region,Cibao Norte,2016,count,38.0
21,Número de mujeres fallecidas en condiciones de violencia.,Registros administrativos de la Oficina de Estadísticas y Cartografía de la Policía Nacional,0,region,Cibao Norte,2017,count,28.0
21,Número de mujeres fallecidas en condiciones de violencia.,Registros administrativos de la Oficina de Estadísticas y Cartografía de la Policía Nacional,0,region,Cibao Norte,2018,count,25.0
21,Número de mujeres fallecidas en condiciones de violencia.,Registros administrativos de la Oficina de Estadísticas y Cartografía de la Policía Nacional,0,region,Cibao Sur,,count_total,143.0
21,Número de mujeres fallecidas en condiciones de violencia.,Registros administrativos de la Oficina de Estadísticas y Cartografía de la Policía Nacional,0,region,Cibao Sur,2009,count,19.0
21,Número de mujeres fallecidas en condiciones de violencia.,Registros administrativos de la Oficina de Estadísticas y Cartografía de la Policía Nacional,0,region,Cibao Sur,2010,count,12.0
21,Número de mujeres fallecidas en condiciones de violencia.,Registros administrativos de la Oficina de Estadísticas y Cartografía de la Policía Nacional,0,region,Cibao Sur,2011,count,12.0
21,Número de mujeres fallecidas en condiciones de violencia.,Registros administrativos de la Oficina de Estadísticas y Cartografía de la Policía Nacional,0,region,Cibao Sur,2012,count,20.0
21,Número de mujeres fallecidas en condiciones de violencia.,Registros administrativos de la Oficina de Estadísticas y Cartografía de la Policía Nacional,0,region,Cibao Sur,2013,count,8.0
21,Número de mujeres fallecidas en condiciones de violencia.,Registros administrativos de la Oficina de Estadísticas y Cartografía de la Policía Nacional,0,region,Cibao Sur,2014,count,12.0
21,Número de mujeres fallecidas en condiciones de violencia.,Registros administrativos de la Oficina de Estadísticas y Cartografía de la Policía Nacional,0,region,Cibao Sur,2015,count,12.0
21,Número de mujeres fallecidas en condiciones de violencia.,Registros administrativos de la Oficina de Estadísticas y Cartografía de la Policía Nacional,0,region,Cibao Sur,2016,count,18.0
21,Número de mujeres fallecidas en condiciones de violencia.,Registros administrativos de la Oficina de Estadísticas y Cartografía de la Policía Nacional,0,region,Cibao Sur,2017,count,20.0
21,Número de mujeres fallecidas en condiciones de violencia.,Registros administrativos de la Oficina de Estadísticas y Cartografía de la Policía Nacional,0,region,Cibao Sur,2018,count,10.0
21,Número de mujeres fallecidas en condiciones de violencia.,Registros administrativos de la Oficina de Estadísticas y Cartografía de la Policía Nacional,0,region,Cibao Nordeste,,count_total,129.0
21,Número de mujeres fallecidas en condiciones de violencia.,Registros administrativos de la Oficina de Estadísticas y Cartografía de la Policía Nacional,0,region,Cibao Nordeste,2009,count,15.0
21,Número de mujeres fallecidas en condiciones de violencia.,Registros administrativos de la Oficina de Estadísticas y Cartografía de la Policía Nacional,0,region,Cibao Nordeste,2010,count,15.0
21,Número de mujeres fallecidas en condiciones de violencia.,Registros administrativos de la Oficina de Estadísticas y Cartografía de la Policía Nacional,0,region,Cibao Nordeste,2011,count,13.0
21,Número de mujeres fallecidas en condiciones de violencia.,Registros administrativos de la Oficina de Estadísticas y Cartografía de la Policía Nacional,0,region,Cibao Nordeste,2012,count,12.0
21,Número de mujeres fallecidas en condiciones de violencia.,Registros administrativos de la Oficina de Estadísticas y Cartografía de la Policía Nacional,0,region,Cibao Nordeste,2013,count,16.0
21,Número de mujeres fallecidas en condiciones de violencia.,Registros administrativos de la Oficina de Estadísticas y Cartografía de la Policía Nacional,0,region,Cibao Nordeste,2014,count,12.0
21,Número de mujeres fallecidas en condiciones de violencia.,Registros administrativos de la Oficina de Estadísticas y Cartografía de la Policía Nacional,0,region,Cibao Nordeste,2015,count,6.0
21,Número de mujeres fallecidas en condiciones de violencia.,Registros administrativos de la Oficina de Estadísticas y Cartografía de la Policía Nacional,0,region,Cibao Nordeste,2016,count,14.0
21,Número de mujeres fallecidas en condiciones de violencia.,Registros administrativos de la Oficina de Estadísticas y Cartografía de la Policía Nacional,0,region,Cibao Nordeste,2017,count,12.0
21,Número de mujeres fallecidas en condiciones de violencia.,Registros administrativos de la Oficina de Estadísticas y Cartografía de la Policía Nacional,0,region,Cibao Nordeste,2018,count,14.0
21,Número de mujeres fallecidas en condiciones de violencia.,Registros administrativos de la Oficina de Estadísticas y Cartografía de la Policía Nacional,0,region,Cibao Noroeste,,count_total,95.0
21,Número de mujeres fallecidas en condiciones de violencia.,Registros administrativos de la Oficina de Estadísticas y Cartografía de la Policía Nacional,0,region,Cibao Noroeste,2009,count,11.0
21,Número de mujeres fallecidas en condiciones de violencia.,Registros administrativos de la Oficina de Estadísticas y Cartografía de la Policía Nacional,0,region,Cibao Noroeste,2010,count,11.0
21,Número de mujeres fallecidas en condiciones de violencia.,Registros administrativos de la Oficina de Estadísticas y Cartografía de la Policía Nacional,0,region,Cibao Noroeste,2011,count,11.0
21,Número de mujeres fallecidas en condiciones de violencia.,Registros administrativos de la Oficina de Estadísticas y Cartografía de la Policía Nacional,0,region,Cibao Noroeste,2012,count,12.0
21,Número de mujeres fallecidas en condiciones de violencia.,Registros administrativos de la Oficina de Estadísticas y Cartografía de la Policía Nacional,0,region,Cibao Noroeste,2013,count,6.0
21,Número de mujeres fallecidas en condiciones de violencia.,Registros administrativos de la Oficina de Estadísticas y Cartografía de la Policía Nacional,0,region,Cibao Noroeste,2014,count,10.0
21,Número de mujeres fallecidas en condiciones de violencia.,Registros administrativos de la Oficina de Estadísticas y Cartografía de la Policía Nacional,0,region,Cibao Noroeste,2015,count,10.0
21,Número de mujeres fallecidas en condiciones de violencia.,Registros administrativos de la Oficina de Estadísticas y Cartografía de la Policía Nacional,0,region,Cibao Noroeste,2016,count,6.0
21,Número de mujeres fallecidas en condiciones de violencia.,Registros administrativos de la Oficina de Estadísticas y Cartografía de la Policía Nacional,0,region,Cibao Noroeste,2017,count,9.0
21,Número de mujeres fallecidas en condiciones de violencia.,Registros administrativos de la Oficina de Estadísticas y Cartografía de la Policía Nacional,0,region,Cibao Noroeste,2018,count,9.0
21,Número de mujeres fallecidas en condiciones de violencia.,Registros administrativos de la Oficina de Estadísticas y Cartografía de la Policía Nacional,0,region,Valdesia,,count_total,205.0
21,Número de mujeres fallecidas en condiciones de violencia.,Registros administrativos de la Oficina de Estadísticas y Cartografía de la Policía Nacional,0,region,Valdesia,2009,count,20.0
21,Número de mujeres fallecidas en condiciones de violencia.,Registros administrativos de la Oficina de Estadísticas y Cartografía de la Policía Nacional,0,region,Valdesia,2010,count,30.0
21,Número de mujeres fallecidas en condiciones de violencia.,Registros administrativos de la Oficina de Estadísticas y Cartografía de la Policía Nacional,0,region,Valdesia,2011,count,27.0
21,Número de mujeres fallecidas en condiciones de violencia.,Registros administrativos de la Oficina de Estadísticas y Cartografía de la Policía Nacional,0,region,Valdesia,2012,count,21.0
21,Número de mujeres fallecidas en condiciones de violencia.,Registros administrativos de la Oficina de Estadísticas y Cartografía de la Policía Nacional,0,region,Valdesia,2013,count,14.0
21,Número de mujeres fallecidas en condiciones de violencia.,Registros administrativos de la Oficina de Estadísticas y Cartografía de la Policía Nacional,0,region,Valdesia,2014,count,18.0
21,Número de mujeres fallecidas en condiciones de violencia.,Registros administrativos de la Oficina de Estadísticas y Cartografía de la Policía Nacional,0,region,Valdesia,2015,count,20.0
21,Número de mujeres fallecidas en condiciones de violencia.,Registros administrativos de la Oficina de Estadísticas y Cartografía de la Policía Nacional,0,region,Valdesia,2016,count,16.0
21,Número de mujeres fallecidas en condiciones de violencia.,Registros administrativos de la Oficina de Estadísticas y Cartografía de la Policía Nacional,0,region,Valdesia,2017,count,23.0
21,Número de mujeres fallecidas en condiciones de violencia.,Registros administrativos de la Oficina de Estadísticas y Cartografía de la Policía Nacional,0,region,Valdesia,2018,count,16.0
21,Número de mujeres fallecidas en condiciones de violencia.,Registros administrativos de la Oficina de Estadísticas y Cartografía de la Policía Nacional,0,region,Enriquillo,,count_total,76.0
21,Número de mujeres fallecidas en condiciones de violencia.,Registros administrativos de la Oficina de Estadísticas y Cartografía de la Policía Nacional,0,region,Enriquillo,2009,count,10.0
21,Número de mujeres fallecidas en condiciones de violencia.,Registros administrativos de la Oficina de Estadísticas y Cartografía de la Policía Nacional,0,region,Enriquillo,2010,count,6.0
21,Número de mujeres fallecidas en condiciones de violencia.,Registros administrativos de la Oficina de Estadísticas y Cartografía de la Policía Nacional,0,region,Enriquillo,2011,count,11.0
21,Número de mujeres fallecidas en condiciones de violencia.,Registros administrativos de la Oficina de Estadísticas y Cartografía de la Policía Nacional,0,region,Enriquillo,2012,count,6.0
21,Número de mujeres fallecidas en condiciones de violencia.,Registros administrativos de la Oficina de Estadísticas y Cartografía de la Policía Nacional,0,region,Enriquillo,2013,count,7.0
21,Número de mujeres fallecidas en condiciones de violencia.,Registros administrativos de la Oficina de Estadísticas y Cartografía de la Policía Nacional,0,region,Enriquillo,2014,count,8.0
21,Número de mujeres fallecidas en condiciones de violencia.,Registros administrativos de la Oficina de Estadísticas y Cartografía de la Policía Nacional,0,region,Enriquillo,2015,count,4.0
21,Número de mujeres fallecidas en condiciones de violencia.,Registros administrativos de la Oficina de Estadísticas y Cartografía de la Policía Nacional,0,region,Enriquillo,2016,count,6.0
21,Número de mujeres fallecidas en condiciones de violencia.,Registros administrativos de la Oficina de Estadísticas y Cartografía de la Policía Nacional,0,region,Enriquillo,2017,count,7.0
21,Número de mujeres fallecidas en condiciones de violencia.,Registros administrativos de la Oficina de Estadísticas y Cartografía de la Policía Nacional,0,region,Enriquillo,2018,count,11.0
21,Número de mujeres fallecidas en condiciones de violencia.,Registros administrativos de la Oficina de Estadísticas y Cartografía de la Policía Nacional,0,region,El Valle,,count_total,55.0
21,Número de mujeres fallecidas en condiciones de violencia.,Registros administrativos de la Oficina de Estadísticas y Cartografía de la Policía Nacional,0,region,El Valle,2009,count,4.0
21,Número de mujeres fallecidas en condiciones de violencia.,Registros administrativos de la Oficina de Estadísticas y Cartografía de la Policía Nacional,0,region,El Valle,2010,count,7.0
21,Número de mujeres fallecidas en condiciones de violencia.,Registros administrativos de la Oficina de Estadísticas y Cartografía de la Policía Nacional,0,region,El Valle,2011,count,7.0
21,Número de mujeres fallecidas en condiciones de violencia.,Registros administrativos de la Oficina de Estadísticas y Cartografía de la Policía Nacional,0,region,El Valle,2012,count,6.0
21,Número de mujeres fallecidas en condiciones de violencia.,Registros administrativos de la Oficina de Estadísticas y Cartografía de la Policía Nacional,0,region,El Valle,2013,count,2.0
21,Número de mujeres fallecidas en condiciones de violencia.,Registros administrativos de la Oficina de Estadísticas y Cartografía de la Policía Nacional,0,region,El Valle,2014,count,6.0
21,Número de mujeres fallecidas en condiciones de violencia.,Registros administrativos de la Oficina de Estadísticas y Cartografía de la Policía Nacional,0,region,El Valle,2015,count,6.0
21,Número de mujeres fallecidas en condiciones de violencia.,Registros administrativos de la Oficina de Estadísticas y Cartografía de la Policía Nacional,0,region,El Valle,2016,count,7.0
21,Número de mujeres fallecidas en condiciones de violencia.,Registros administrativos de la Oficina de Estadísticas y Cartografía de la Policía Nacional,0,region,El Valle,2017,count,8.0
21,Número de mujeres fallecidas en condiciones de violencia.,Registros administrativos de la Oficina de Estadísticas y Cartografía de la Policía Nacional,0,region,El Valle,2018,count,2.0
21,Número de mujeres fallecidas en condiciones de violencia.,Registros administrativos de la Oficina de Estadísticas y Cartografía de la Policía Nacional,0,region,Yuma,,count_total,168.0
21,Número de mujeres fallecidas en condiciones de violencia.,Registros administrativos de la Oficina de Estadísticas y Cartografía de la Policía Nacional,0,region,Yuma,2009,count,10.0
21,Número de mujeres fallecidas en condiciones de violencia.,Registros administrativos de la Oficina de Estadísticas y Cartografía de la Policía Nacional,0,region,Yuma,2010,count,16.0
21,Número de mujeres fallecidas en condiciones de violencia.,Registros administrativos de la Oficina de Estadísticas y Cartografía de la Policía Nacional,0,region,Yuma,2011,count,26.0
21,Número de mujeres fallecidas en condiciones de violencia.,Registros administrativos de la Oficina de Estadísticas y Cartografía de la Policía Nacional,0,region,Yuma,2012,count,14.0
21,Número de mujeres fallecidas en condiciones de violencia.,Registros administrativos de la Oficina de Estadísticas y Cartografía de la Policía Nacional,0,region,Yuma,2013,count,11.0
21,Número de mujeres fallecidas en condiciones de violencia.,Registros administrativos de la Oficina de Estadísticas y Cartografía de la Policía Nacional,0,region,Yuma,2014,count,19.0
21,Número de mujeres fallecidas en condiciones de violencia.,Registros administrativos de la Oficina de Estadísticas y Cartografía de la Policía Nacional,0,region,Yuma,2015,count,15.0
21,Número de mujeres fallecidas en condiciones de violencia.,Registros administrativos de la Oficina de Estadísticas y Cartografía de la Policía Nacional,0,region,Yuma,2016,count,14.0
21,Número de mujeres fallecidas en condiciones de violencia.,Registros administrativos de la Oficina de Estadísticas y Cartografía de la Policía Nacional,0,region,Yuma,2017,count,25.0
21,Número de mujeres fallecidas en condiciones de violencia.,Registros administrativos de la Oficina de Estadísticas y Cartografía de la Policía Nacional,0,region,Yuma,2018,count,18.0
21,Número de mujeres fallecidas en condiciones de violencia.,Registros administrativos de la Oficina de Estadísticas y Cartografía de la Policía Nacional,0,region,Higuamo,,count_total,116.0
21,Número de mujeres fallecidas en condiciones de violencia.,Registros administrativos de la Oficina de Estadísticas y Cartografía de la Policía Nacional,0,region,Higuamo,2009,count,10.0
21,Número de mujeres fallecidas en condiciones de violencia.,Registros administrativos de la Oficina de Estadísticas y Cartografía de la Policía Nacional,0,region,Higuamo,2010,count,15.0
21,Número de mujeres fallecidas en condiciones de violencia.,Registros administrativos de la Oficina de Estadísticas y Cartografía de la Policía Nacional,0,region,Higuamo,2011,count,13.0
21,Número de mujeres fallecidas en condiciones de violencia.,Registros administrativos de la Oficina de Estadísticas y Cartografía de la Policía Nacional,0,region,Higuamo,2012,count,11.0
21,Número de mujeres fallecidas en condiciones de violencia.,Registros administrativos de la Oficina de Estadísticas y Cartografía de la Policía Nacional,0,region,Higuamo,2013,count,16.0
21,Número de mujeres fallecidas en condiciones de violencia.,Registros administrativos de la Oficina de Estadísticas y Cartografía de la Policía Nacional,0,region,Higuamo,2014,count,16.0
21,Número de mujeres fallecidas en condiciones de violencia.,Registros administrativos de la Oficina de Estadísticas y Cartografía de la Policía Nacional,0,region,Higuamo,2015,count,10.0
21,Número de mujeres fallecidas en condiciones de violencia.,Registros administrativos de la Oficina de Estadísticas y Cartografía de la Policía Nacional,0,region,Higuamo,2016,count,5.0
21,Número de mujeres fallecidas en condiciones de violencia.,Registros administrativos de la Oficina de Estadísticas y Cartografía de la Policía Nacional,0,region,Higuamo,2017,count,11.0
21,Número de mujeres fallecidas en condiciones de violencia.,Registros administrativos de la Oficina de Estadísticas y Cartografía de la Policía Nacional,0,region,Higuamo,2018,count,9.0
21,Número de mujeres fallecidas en condiciones de violencia.,Registros administrativos de la Oficina de Estadísticas y Cartografía de la Policía Nacional,0,region,Ozama o Metropolitana,,count_total,600.0
21,Número de mujeres fallecidas en condiciones de violencia.,Registros administrativos de la Oficina de Estadísticas y Cartografía de la Policía Nacional,0,region,Ozama o Metropolitana,2009,count,75.0
21,Número de mujeres fallecidas en condiciones de violencia.,Registros administrativos de la Oficina de Estadísticas y Cartografía de la Policía Nacional,0,region,Ozama o Metropolitana,2010,count,62.0
21,Número de mujeres fallecidas en condiciones de violencia.,Registros administrativos de la Oficina de Estadísticas y Cartografía de la Policía Nacional,0,region,Ozama o Metropolitana,2011,count,81.0
21,Número de mujeres fallecidas en condiciones de violencia.,Registros administrativos de la Oficina de Estadísticas y Cartografía de la Policía Nacional,0,region,Ozama o Metropolitana,2012,count,71.0
21,Número de mujeres fallecidas en condiciones de violencia.,Registros administrativos de la Oficina de Estadísticas y Cartografía de la Policía Nacional,0,region,Ozama o Metropolitana,2013,count,57.0
21,Número de mujeres fallecidas en condiciones de violencia.,Registros administrativos de la Oficina de Estadísticas y Cartografía de la Policía Nacional,0,region,Ozama o Metropolitana,2014,count,49.0
21,Número de mujeres fallecidas en condiciones de violencia.,Registros administrativos de la Oficina de Estadísticas y Cartografía de la Policía Nacional,0,region,Ozama o Metropolitana,2015,count,47.0
21,Número de mujeres fallecidas en condiciones de violencia.,Registros administrativos de la Oficina de Estadísticas y Cartografía de la Policía Nacional,0,region,Ozama o Metropolitana,2016,count,46.0
21,Número de mujeres fallecidas en condiciones de violencia.,Registros administrativos de la Oficina de Estadísticas y Cartografía de la Policía Nacional,0,region,Ozama o Metropolitana,2017,count,61.0
21,Número de mujeres fallecidas en condiciones de violencia.,Registros administrativos de la Oficina de Estadísticas y Cartografía de la Policía Nacional,0,region,Ozama o Metropolitana,2018,count,51.0
22,Número de mujeres víctimas de feminicidio íntimo.,Registros administrativos de la Oficina de Estadísticas y Cartografía de la Policía Nacional,1,,Total,,count_total,930.0
22,Número de mujeres víctimas de feminicidio íntimo.,Registros administrativos de la Oficina de Estadísticas y Cartografía de la Policía Nacional,1,,Total,2009,count,79.0
22,Número de mujeres víctimas de feminicidio íntimo.,Registros administrativos de la Oficina de Estadísticas y Cartografía de la Policía Nacional,1,,Total,2010,count,93.0
22,Número de mujeres víctimas de feminicidio íntimo.,Registros administrativos de la Oficina de Estadísticas y Cartografía de la Policía Nacional,1,,Total,2011,count,123.0
22,Número de mujeres víctimas de feminicidio íntimo.,Registros administrativos de la Oficina de Estadísticas y Cartografía de la Policía Nacional,1,,Total,2012,count,97.0
22,Número de mujeres víctimas de feminicidio íntimo.,Registros administrativos de la Oficina de Estadísticas y Cartografía de la Policía Nacional,1,,Total,2013,count,74.0
22,Número de mujeres víctimas de feminicidio íntimo.,Registros administrativos de la Oficina de Estadísticas y Cartografía de la Policía Nacional,1,,Total,2014,count,102.0
22,Número de mujeres víctimas de feminicidio íntimo.,Registros administrativos de la Oficina de Estadísticas y Cartografía de la Policía Nacional,1,,Total,2015,count,89.0
22,Número de mujeres víctimas de feminicidio íntimo.,Registros administrativos de la Oficina de Estadísticas y Cartografía de la Policía Nacional,1,,Total,2016,count,87.0
22,Número de mujeres víctimas de feminicidio íntimo.,Registros administrativos de la Oficina de Estadísticas y Cartografía de la Policía Nacional,1,,Total,2017,count,104.0
22,Número de mujeres víctimas de feminicidio íntimo.,Registros administrativos de la Oficina de Estadísticas y Cartografía de la Policía Nacional,1,,Total,2018,count,82.0
22,Número de mujeres víctimas de feminicidio íntimo.,Registros administrativos de la Oficina de Estadísticas y Cartografía de la Policía Nacional,1,,"Esposo, pareja, amante, novio",,count_total,626.0
22,Número de mujeres víctimas de feminicidio íntimo.,Registros administrativos de la Oficina de Estadísticas y Cartografía de la Policía Nacional,1,,"Esposo, pareja, amante, novio",2009,count,61.0
22,Número de mujeres víctimas de feminicidio íntimo.,Registros administrativos de la Oficina de Estadísticas y Cartografía de la Policía Nacional,1,,"Esposo, pareja, amante, novio",2010,count,67.0
22,Número de mujeres víctimas de feminicidio íntimo.,Registros administrativos de la Oficina de Estadísticas y Cartografía de la Policía Nacional,1,,"Esposo, pareja, amante, novio",2011,count,83.0
22,Número de mujeres víctimas de feminicidio íntimo.,Registros administrativos de la Oficina de Estadísticas y Cartografía de la Policía Nacional,1,,"Esposo, pareja, amante, novio",2012,count,63.0
22,Número de mujeres víctimas de feminicidio íntimo.,Registros administrativos de la Oficina de Estadísticas y Cartografía de la Policía Nacional,1,,"Esposo, pareja, amante, novio",2013,count,38.0
22,Número de mujeres víctimas de feminicidio íntimo.,Registros administrativos de la Oficina de Estadísticas y Cartografía de la Policía Nacional,1,,"Esposo, pareja, amante, novio",2014,count,64.0
22,Número de mujeres víctimas de feminicidio íntimo.,Registros administrativos de la Oficina de Estadísticas y Cartografía de la Policía Nacional,1,,"Esposo, pareja, amante, novio",2015,count,49.0
22,Número de mujeres víctimas de feminicidio íntimo.,Registros administrativos de la Oficina de Estadísticas y Cartografía de la Policía Nacional,1,,"Esposo, pareja, amante, novio",2016,count,67.0
22,Número de mujeres víctimas de feminicidio íntimo.,Registros administrativos de la Oficina de Estadísticas y Cartografía de la Policía Nacional,1,,"Esposo, pareja, amante, novio",2017,count,74.0
22,Número de mujeres víctimas de feminicidio íntimo.,Registros administrativos de la Oficina de Estadísticas y Cartografía de la Policía Nacional,1,,"Esposo, pareja, amante, novio",2018,count,60.0
22,Número de mujeres víctimas de feminicidio íntimo.,Registros administrativos de la Oficina de Estadísticas y Cartografía de la Policía Nacional,1,,"Ex-esposo, ex-pareja, ex- amante, ex-novio",,count_total,304.0
22,Número de mujeres víctimas de feminicidio íntimo.,Registros administrativos de la Oficina de Estadísticas y Cartografía de la Policía Nacional,1,,"Ex-esposo, ex-pareja, ex- amante, ex-novio",2009,count,18.0
22,Número de mujeres víctimas de feminicidio íntimo.,Registros administrativos de la Oficina de Estadísticas y Cartografía de la Policía Nacional,1,,"Ex-esposo, ex-pareja, ex- amante, ex-novio",2010,count,26.0
22,Número de mujeres víctimas de feminicidio íntimo.,Registros administrativos de la Oficina de Estadísticas y Cartografía de la Policía Nacional,1,,"Ex-esposo, ex-pareja, ex- amante, ex-novio",2011,count,40.0
22,Número de mujeres víctimas de feminicidio íntimo.,Registros administrativos de la Oficina de Estadísticas y Cartografía de la Policía Nacional,1,,"Ex-esposo, ex-pareja, ex- amante, ex-novio",2012,count,34.0
22,Número de mujeres víctimas de feminicidio íntimo.,Registros administrativos de la Oficina de Estadísticas y Cartografía de la Policía Nacional,1,,"Ex-esposo, ex-pareja, ex- amante, ex-novio",2013,count,36.0
22,Número de mujeres víctimas de feminicidio íntimo.,Registros administrativos de la Oficina de Estadísticas y Cartografía de la Policía Nacional,1,,"Ex-esposo, ex-pareja, ex- amante, ex-novio",2014,count,42.0
22,Número de mujeres víctimas de feminicidio íntimo.,Registros administrativos de la Oficina de Estadísticas y Cartografía de la Policía Nacional,1,,"Ex-esposo, ex-pareja, ex- amante, ex-novio",2015,count,38.0
22,Número de mujeres víctimas de feminicidio íntimo.,Registros administrativos de la Oficina de Estadísticas y Cartografía de la Policía Nacional,1,,"Ex-esposo, ex-pareja, ex- amante, ex-novio",2016,count,20.0
22,Número de mujeres víctimas de feminicidio íntimo.,Registros administrativos de la Oficina de Estadísticas y Cartografía de la Policía Nacional,1,,"Ex-esposo, ex-pareja, ex- amante, ex-novio",2017,count,28.0
22,Número de mujeres víctimas de feminicidio íntimo.,Registros administrativos de la Oficina de Estadísticas y Cartografía de la Policía Nacional,1,,"Ex-esposo, ex-pareja, ex- amante, ex-novio",2018,count,22.0
22,Número de mujeres víctimas de feminicidio íntimo.,Registros administrativos de la Oficina de Estadísticas y Cartografía de la Policía Nacional,1,region,Cibao Norte,,count_total,157.0
22,Número de mujeres víctimas de feminicidio íntimo.,Registros administrativos de la Oficina de Estadísticas y Cartografía de la Policía Nacional,1,region,Cibao Norte,2009,count,12.0
22,Número de mujeres víctimas de feminicidio íntimo.,Registros administrativos de la Oficina de Estadísticas y Cartografía de la Policía Nacional,1,region,Cibao Norte,2010,count,13.0
22,Número de mujeres víctimas de feminicidio íntimo.,Registros administrativos de la Oficina de Estadísticas y Cartografía de la Policía Nacional,1,region,Cibao Norte,2011,count,19.0
22,Número de mujeres víctimas de feminicidio íntimo.,Registros administrativos de la Oficina de Estadísticas y Cartografía de la Policía Nacional,1,region,Cibao Norte,2012,count,14.0
22,Número de mujeres víctimas de feminicidio íntimo.,Registros administrativos de la Oficina de Estadísticas y Cartografía de la Policía Nacional,1,region,Cibao Norte,2013,count,13.0
22,Número de mujeres víctimas de feminicidio íntimo.,Registros administrativos de la Oficina de Estadísticas y Cartografía de la Policía Nacional,1,region,Cibao Norte,2014,count,21.0
22,Número de mujeres víctimas de feminicidio íntimo.,Registros administrativos de la Oficina de Estadísticas y Cartografía de la Policía Nacional,1,region,Cibao Norte,2015,count,16.0
22,Número de mujeres víctimas de feminicidio íntimo.,Registros administrativos de la Oficina de Estadísticas y Cartografía de la Policía Nacional,1,region,Cibao Norte,2016,count,19.0
22,Número de mujeres víctimas de feminicidio íntimo.,Registros administrativos de la Oficina de Estadísticas y Cartografía de la Policía Nacional,1,region,Cibao Norte,2017,count,15.0
22,Número de mujeres víctimas de feminicidio íntimo.,Registros administrativos de la Oficina de Estadísticas y Cartografía de la Policía Nacional,1,region,Cibao Norte,2018,count,15.0
22,Número de mujeres víctimas de feminicidio íntimo.,Registros administrativos de la Oficina de Estadísticas y Cartografía de la Policía Nacional,1,region,Cibao Sur,,count_total,75.0
22,Número de mujeres víctimas de feminicidio íntimo.,Registros administrativos de la Oficina de Estadísticas y Cartografía de la Policía Nacional,1,region,Cibao Sur,2009,count,6.0
22,Número de mujeres víctimas de feminicidio íntimo.,Registros administrativos de la Oficina de Estadísticas y Cartografía de la Policía Nacional,1,region,Cibao Sur,2010,count,6.0
22,Número de mujeres víctimas de feminicidio íntimo.,Registros administrativos de la Oficina de Estadísticas y Cartografía de la Policía Nacional,1,region,Cibao Sur,2011,count,8.0
22,Número de mujeres víctimas de feminicidio íntimo.,Registros administrativos de la Oficina de Estadísticas y Cartografía de la Policía Nacional,1,region,Cibao Sur,2012,count,11.0
22,Número de mujeres víctimas de feminicidio íntimo.,Registros administrativos de la Oficina de Estadísticas y Cartografía de la Policía Nacional,1,region,Cibao Sur,2013,count,3.0
22,Número de mujeres víctimas de feminicidio íntimo.,Registros administrativos de la Oficina de Estadísticas y Cartografía de la Policía Nacional,1,region,Cibao Sur,2014,count,4.0
22,Número de mujeres víctimas de feminicidio íntimo.,Registros administrativos de la Oficina de Estadísticas y Cartografía de la Policía Nacional,1,region,Cibao Sur,2015,count,7.0
22,Número de mujeres víctimas de feminicidio íntimo.,Registros administrativos de la Oficina de Estadísticas y Cartografía de la Policía Nacional,1,region,Cibao Sur,2016,count,10.0
22,Número de mujeres víctimas de feminicidio íntimo.,Registros administrativos de la Oficina de Estadísticas y Cartografía de la Policía Nacional,1,region,Cibao Sur,2017,count,12.0
22,Número de mujeres víctimas de feminicidio íntimo.,Registros administrativos de la Oficina de Estadísticas y Cartografía de la Policía Nacional,1,region,Cibao Sur,2018,count,8.0
22,Número de mujeres víctimas de feminicidio íntimo.,Registros administrativos de la Oficina de Estadísticas y Cartografía de la Policía Nacional,1,region,Cibao Nordeste,,count_total,74.0
22,Número de mujeres víctimas de feminicidio íntimo.,Registros administrativos de la Oficina de Estadísticas y Cartografía de la Policía Nacional,1,region,Cibao Nordeste,2009,count,10.0
22,Número de mujeres víctimas de feminicidio íntimo.,Registros administrativos de la Oficina de Estadísticas y Cartografía de la Policía Nacional,1,region,Cibao Nordeste,2010,count,8.0
22,Número de mujeres víctimas de feminicidio íntimo.,Registros administrativos de la Oficina de Estadísticas y Cartografía de la Policía Nacional,1,region,Cibao Nordeste,2011,count,5.0
22,Número de mujeres víctimas de feminicidio íntimo.,Registros administrativos de la Oficina de Estadísticas y Cartografía de la Policía Nacional,1,region,Cibao Nordeste,2012,count,6.0
22,Número de mujeres víctimas de feminicidio íntimo.,Registros administrativos de la Oficina de Estadísticas y Cartografía de la Policía Nacional,1,region,Cibao Nordeste,2013,count,9.0
22,Número de mujeres víctimas de feminicidio íntimo.,Registros administrativos de la Oficina de Estadísticas y Cartografía de la Policía Nacional,1,region,Cibao Nordeste,2014,count,10.0
22,Número de mujeres víctimas de feminicidio íntimo.,Registros administrativos de la Oficina de Estadísticas y Cartografía de la Policía Nacional,1,region,Cibao Nordeste,2015,count,3.0
22,Número de mujeres víctimas de feminicidio íntimo.,Registros administrativos de la Oficina de Estadísticas y Cartografía de la Policía Nacional,1,region,Cibao Nordeste,2016,count,8.0
22,Número de mujeres víctimas de feminicidio íntimo.,Registros administrativos de la Oficina de Estadísticas y Cartografía de la Policía Nacional,1,region,Cibao Nordeste,2017,count,8.0
22,Número de mujeres víctimas de feminicidio íntimo.,Registros administrativos de la Oficina de Estadísticas y Cartografía de la Policía Nacional,1,region,Cibao Nordeste,2018,count,7.0
22,Número de mujeres víctimas de feminicidio íntimo.,Registros administrativos de la Oficina de Estadísticas y Cartografía de la Policía Nacional,1,region,Cibao Noroeste,,count_total,49.0
22,Número de mujeres víctimas de feminicidio íntimo.,Registros administrativos de la Oficina de Estadísticas y Cartografía de la Policía Nacional,1,region,Cibao Noroeste,2009,count,4.0
22,Número de mujeres víctimas de feminicidio íntimo.,Registros administrativos de la Oficina de Estadísticas y Cartografía de la Policía Nacional,1,region,Cibao Noroeste,2010,count,5.0
22,Número de mujeres víctimas de feminicidio íntimo.,Registros administrativos de la Oficina de Estadísticas y Cartografía de la Policía Nacional,1,region,Cibao Noroeste,2011,count,6.0
22,Número de mujeres víctimas de feminicidio íntimo.,Registros administrativos de la Oficina de Estadísticas y Cartografía de la Policía Nacional,1,region,Cibao Noroeste,2012,count,8.0
22,Número de mujeres víctimas de feminicidio íntimo.,Registros administrativos de la Oficina de Estadísticas y Cartografía de la Policía Nacional,1,region,Cibao Noroeste,2013,count,2.0
22,Número de mujeres víctimas de feminicidio íntimo.,Registros administrativos de la Oficina de Estadísticas y Cartografía de la Policía Nacional,1,region,Cibao Noroeste,2014,count,6.0
22,Número de mujeres víctimas de feminicidio íntimo.,Registros administrativos de la Oficina de Estadísticas y Cartografía de la Policía Nacional,1,region,Cibao Noroeste,2015,count,5.0
22,Número de mujeres víctimas de feminicidio íntimo.,Registros administrativos de la Oficina de Estadísticas y Cartografía de la Policía Nacional,1,region,Cibao Noroeste,2016,count,3.0
22,Número de mujeres víctimas de feminicidio íntimo.,Registros administrativos de la Oficina de Estadísticas y Cartografía de la Policía Nacional,1,region,Cibao Noroeste,2017,count,5.0
22,Número de mujeres víctimas de feminicidio íntimo.,Registros administrativos de la Oficina de Estadísticas y Cartografía de la Policía Nacional,1,region,Cibao Noroeste,2018,count,5.0
22,Número de mujeres víctimas de feminicidio íntimo.,Registros administrativos de la Oficina de Estadísticas y Cartografía de la Policía Nacional,1,region,Valdesia,,count_total,104.0
22,Número de mujeres víctimas de feminicidio íntimo.,Registros administrativos de la Oficina de Estadísticas y Cartografía de la Policía Nacional,1,region,Valdesia,2009,count,7.0
22,Número de mujeres víctimas de feminicidio íntimo.,Registros administrativos de la Oficina de Estadísticas y Cartografía de la Policía Nacional,1,region,Valdesia,2010,count,15.0
22,Número de mujeres víctimas de feminicidio íntimo.,Registros administrativos de la Oficina de Estadísticas y Cartografía de la Policía Nacional,1,region,Valdesia,2011,count,16.0
22,Número de mujeres víctimas de feminicidio íntimo.,Registros administrativos de la Oficina de Estadísticas y Cartografía de la Policía Nacional,1,region,Valdesia,2012,count,9.0
22,Número de mujeres víctimas de feminicidio íntimo.,Registros administrativos de la Oficina de Estadísticas y Cartografía de la Policía Nacional,1,region,Valdesia,2013,count,5.0
22,Número de mujeres víctimas de feminicidio íntimo.,Registros administrativos de la Oficina de Estadísticas y Cartografía de la Policía Nacional,1,region,Valdesia,2014,count,10.0
22,Número de mujeres víctimas de feminicidio íntimo.,Registros administrativos de la Oficina de Estadísticas y Cartografía de la Policía Nacional,1,region,Valdesia,2015,count,9.0
22,Número de mujeres víctimas de feminicidio íntimo.,Registros administrativos de la Oficina de Estadísticas y Cartografía de la Policía Nacional,1,region,Valdesia,2016,count,9.0
22,Número de mujeres víctimas de feminicidio íntimo.,Registros administrativos de la Oficina de Estadísticas y Cartografía de la Policía Nacional,1,region,Valdesia,2017,count,15.0
22,Número de mujeres víctimas de feminicidio íntimo.,Registros administrativos de la Oficina de Estadísticas y Cartografía de la Policía Nacional,1,region,Valdesia,2018,count,9.0
22,Número de mujeres víctimas de feminicidio íntimo.,Registros administrativos de la Oficina de Estadísticas y Cartografía de la Policía Nacional,1,region,Enriquillo,,count_total,28.0
22,Número de mujeres víctimas de feminicidio íntimo.,Registros administrativos de la Oficina de Estadísticas y Cartografía de la Policía Nacional,1,region,Enriquillo,2009,count,3.0
22,Número de mujeres víctimas de feminicidio íntimo.,Registros administrativos de la Oficina de Estadísticas y Cartografía de la Policía Nacional,1,region,Enriquillo,2010,count,3.0
22,Número de mujeres víctimas de feminicidio íntimo.,Registros administrativos de la Oficina de Estadísticas y Cartografía de la Policía Nacional,1,region,Enriquillo,2011,count,7.0
22,Número de mujeres víctimas de feminicidio íntimo.,Registros administrativos de la Oficina de Estadísticas y Cartografía de la Policía Nacional,1,region,Enriquillo,2012,count,0.0
22,Número de mujeres víctimas de feminicidio íntimo.,Registros administrativos de la Oficina de Estadísticas y Cartografía de la Policía Nacional,1,region,Enriquillo,2013,count,3.0
22,Número de mujeres víctimas de feminicidio íntimo.,Registros administrativos de la Oficina de Estadísticas y Cartografía de la Policía Nacional,1,region,Enriquillo,2014,count,2.0
22,Número de mujeres víctimas de feminicidio íntimo.,Registros administrativos de la Oficina de Estadísticas y Cartografía de la Policía Nacional,1,region,Enriquillo,2015,count,2.0
22,Número de mujeres víctimas de feminicidio íntimo.,Registros administrativos de la Oficina de Estadísticas y Cartografía de la Policía Nacional,1,region,Enriquillo,2016,count,2.0
22,Número de mujeres víctimas de feminicidio íntimo.,Registros administrativos de la Oficina de Estadísticas y Cartografía de la Policía Nacional,1,region,Enriquillo,2017,count,2.0
22,Número de mujeres víctimas de feminicidio íntimo.,Registros administrativos de la Oficina de Estadísticas y Cartografía de la Policía Nacional,1,region,Enriquillo,2018,count,4.0
22,Número de mujeres víctimas de feminicidio íntimo.,Registros administrativos de la Oficina de Estadísticas y Cartografía de la Policía Nacional,1,region,El Valle,,count_total,24.0
22,Número de mujeres víctimas de feminicidio íntimo.,Registros administrativos de la Oficina de Estadísticas y Cartografía de la Policía Nacional,1,region,El Valle,2009,count,1.0
22,Número de mujeres víctimas de feminicidio íntimo.,Registros administrativos de la Oficina de Estadísticas y Cartografía de la Policía Nacional,1,region,El Valle,2010,count,1.0
22,Número de mujeres víctimas de feminicidio íntimo.,Registros administrativos de la Oficina de Estadísticas y Cartografía de la Policía Nacional,1,region,El Valle,2011,count,4.0
22,Número de mujeres víctimas de feminicidio íntimo.,Registros administrativos de la Oficina de Estadísticas y Cartografía de la Policía Nacional,1,region,El Valle,2012,count,4.0
22,Número de mujeres víctimas de feminicidio íntimo.,Registros administrativos de la Oficina de Estadísticas y Cartografía de la Policía Nacional,1,region,El Valle,2013,count,1.0
22,Número de mujeres víctimas de feminicidio íntimo.,Registros administrativos de la Oficina de Estadísticas y Cartografía de la Policía Nacional,1,region,El Valle,2014,count,3.0
22,Número de mujeres víctimas de feminicidio íntimo.,Registros administrativos de la Oficina de Estadísticas y Cartografía de la Policía Nacional,1,region,El Valle,2015,count,2.0
22,Número de mujeres víctimas de feminicidio íntimo.,Registros administrativos de la Oficina de Estadísticas y Cartografía de la Policía Nacional,1,region,El Valle,2016,count,5.0
22,Número de mujeres víctimas de feminicidio íntimo.,Registros administrativos de la Oficina de Estadísticas y Cartografía de la Policía Nacional,1,region,El Valle,2017,count,2.0
22,Número de mujeres víctimas de feminicidio íntimo.,Registros administrativos de la Oficina de Estadísticas y Cartografía de la Policía Nacional,1,region,El Valle,2018,count,1.0
22,Número de mujeres víctimas de feminicidio íntimo.,Registros administrativos de la Oficina de Estadísticas y Cartografía de la Policía Nacional,1,region,Yuma,,count_total,83.0
22,Número de mujeres víctimas de feminicidio íntimo.,Registros administrativos de la Oficina de Estadísticas y Cartografía de la Policía Nacional,1,region,Yuma,2009,count,4.0
22,Número de mujeres víctimas de feminicidio íntimo.,Registros administrativos de la Oficina de Estadísticas y Cartografía de la Policía Nacional,1,region,Yuma,2010,count,5.0
22,Número de mujeres víctimas de feminicidio íntimo.,Registros administrativos de la Oficina de Estadísticas y Cartografía de la Policía Nacional,1,region,Yuma,2011,count,14.0
22,Número de mujeres víctimas de feminicidio íntimo.,Registros administrativos de la Oficina de Estadísticas y Cartografía de la Policía Nacional,1,region,Yuma,2012,count,7.0
22,Número de mujeres víctimas de feminicidio íntimo.,Registros administrativos de la Oficina de Estadísticas y Cartografía de la Policía Nacional,1,region,Yuma,2013,count,8.0
22,Número de mujeres víctimas de feminicidio íntimo.,Registros administrativos de la Oficina de Estadísticas y Cartografía de la Policía Nacional,1,region,Yuma,2014,count,13.0
22,Número de mujeres víctimas de feminicidio íntimo.,Registros administrativos de la Oficina de Estadísticas y Cartografía de la Policía Nacional,1,region,Yuma,2015,count,8.0
22,Número de mujeres víctimas de feminicidio íntimo.,Registros administrativos de la Oficina de Estadísticas y Cartografía de la Policía Nacional,1,region,Yuma,2016,count,9.0
22,Número de mujeres víctimas de feminicidio íntimo.,Registros administrativos de la Oficina de Estadísticas y Cartografía de la Policía Nacional,1,region,Yuma,2017,count,8.0
22,Número de mujeres víctimas de feminicidio íntimo.,Registros administrativos de la Oficina de Estadísticas y Cartografía de la Policía Nacional,1,region,Yuma,2018,count,7.0
22,Número de mujeres víctimas de feminicidio íntimo.,Registros administrativos de la Oficina de Estadísticas y Cartografía de la Policía Nacional,1,region,Higuamo,,count_total,56.0
22,Número de mujeres víctimas de feminicidio íntimo.,Registros administrativos de la Oficina de Estadísticas y Cartografía de la Policía Nacional,1,region,Higuamo,2009,count,2.0
22,Número de mujeres víctimas de feminicidio íntimo.,Registros administrativos de la Oficina de Estadísticas y Cartografía de la Policía Nacional,1,region,Higuamo,2010,count,5.0
22,Número de mujeres víctimas de feminicidio íntimo.,Registros administrativos de la Oficina de Estadísticas y Cartografía de la Policía Nacional,1,region,Higuamo,2011,count,6.0
22,Número de mujeres víctimas de feminicidio íntimo.,Registros administrativos de la Oficina de Estadísticas y Cartografía de la Policía Nacional,1,region,Higuamo,2012,count,7.0
22,Número de mujeres víctimas de feminicidio íntimo.,Registros administrativos de la Oficina de Estadísticas y Cartografía de la Policía Nacional,1,region,Higuamo,2013,count,9.0
22,Número de mujeres víctimas de feminicidio íntimo.,Registros administrativos de la Oficina de Estadísticas y Cartografía de la Policía Nacional,1,region,Higuamo,2014,count,8.0
22,Número de mujeres víctimas de feminicidio íntimo.,Registros administrativos de la Oficina de Estadísticas y Cartografía de la Policía Nacional,1,region,Higuamo,2015,count,6.0
22,Número de mujeres víctimas de feminicidio íntimo.,Registros administrativos de la Oficina de Estadísticas y Cartografía de la Policía Nacional,1,region,Higuamo,2016,count,3.0
22,Número de mujeres víctimas de feminicidio íntimo.,Registros administrativos de la Oficina de Estadísticas y Cartografía de la Policía Nacional,1,region,Higuamo,2017,count,5.0
22,Número de mujeres víctimas de feminicidio íntimo.,Registros administrativos de la Oficina de Estadísticas y Cartografía de la Policía Nacional,1,region,Higuamo,2018,count,5.0
22,Número de mujeres víctimas de feminicidio íntimo.,Registros administrativos de la Oficina de Estadísticas y Cartografía de la Policía Nacional,1,region,Ozama o Metropolitana,,count_total,275.0
22,Número de mujeres víctimas de feminicidio íntimo.,Registros administrativos de la Oficina de Estadísticas y Cartografía de la Policía Nacional,1,region,Ozama o Metropolitana,2009,count,30.0
22,Número de mujeres víctimas de feminicidio íntimo.,Registros administrativos de la Oficina de Estadísticas y Cartografía de la Policía Nacional,1,region,Ozama o Metropolitana,2010,count,32.0
22,Número de mujeres víctimas de feminicidio íntimo.,Registros administrativos de la Oficina de Estadísticas y Cartografía de la Policía Nacional,1,region,Ozama o Metropolitana,2011,count,38.0
22,Número de mujeres víctimas de feminicidio íntimo.,Registros administrativos de la Oficina de Estadísticas y Cartografía de la Policía Nacional,1,region,Ozama o Metropolitana,2012,count,31.0
22,Número de mujeres víctimas de feminicidio íntimo.,Registros administrativos de la Oficina de Estadísticas y Cartografía de la Policía Nacional,1,region,Ozama o Metropolitana,2013,count,21.0
22,Número de mujeres víctimas de feminicidio íntimo.,Registros administrativos de la Oficina de Estadísticas y Cartografía de la Policía Nacional,1,region,Ozama o Metropolitana,2014,count,25.0
22,Número de mujeres víctimas de feminicidio íntimo.,Registros administrativos de la Oficina de Estadísticas y Cartografía de la Policía Nacional,1,region,Ozama o Metropolitana,2015,count,28.0
22,Número de mujeres víctimas de feminicidio íntimo.,Registros administrativos de la Oficina de Estadísticas y Cartografía de la Policía Nacional,1,region,Ozama o Metropolitana,2016,count,19.0
22,Número de mujeres víctimas de feminicidio íntimo.,Registros administrativos de la Oficina de Estadísticas y Cartografía de la Policía Nacional,1,region,Ozama o Metropolitana,2017,count,30.0
22,Número de mujeres víctimas de feminicidio íntimo.,Registros administrativos de la Oficina de Estadísticas y Cartografía de la Policía Nacional,1,region,Ozama o Metropolitana,2018,count,21.0
