cuadro,vital_event,kind,label,year,value
2.1-09,marriage,month,Abril,2016,4749
2.1-09,marriage,month,Abril,2017,3636
2.1-09,marriage,month,Abril,2018,4184
2.1-09,marriage,month,Abril,2019,4021
2.1-09,marriage,month,Abril,2020,0
2.1-09,marriage,month,Agosto,2016,4481
2.1-09,marriage,month,Agosto,2017,4055
2.1-09,marriage,month,Agosto,2018,4530
2.1-09,marriage,month,Agosto,2019,4353
2.1-09,marriage,month,Agosto,2020,3357
2.1-09,marriage,month,Diciembre,2016,6520
2.1-09,marriage,month,Diciembre,2017,6295
2.1-09,marriage,month,Diciembre,2018,5788
2.1-09,marriage,month,Diciembre,2019,6077
2.1-09,marriage,month,Diciembre,2020,5626
2.1-09,marriage,month,Enero,2016,4880
2.1-09,marriage,month,Enero,2017,5119
2.1-09,marriage,month,Enero,2018,4955
2.1-09,marriage,month,Enero,2019,5365
2.1-09,marriage,month,Enero,2020,5493
2.1-09,marriage,month,Febrero,2016,4335
2.1-09,marriage,month,Febrero,2017,4006
2.1-09,marriage,month,Febrero,2018,3839
2.1-09,marriage,month,Febrero,2019,4061
2.1-09,marriage,month,Febrero,2020,3871
2.1-09,marriage,month,Julio,2016,4622
2.1-09,marriage,month,Julio,2017,4178
2.1-09,marriage,month,Julio,2018,4161
2.1-09,marriage,month,Julio,2019,4539
2.1-09,marriage,month,Julio,2020,2787
2.1-09,marriage,month,Junio,2016,4329
2.1-09,marriage,month,Junio,2017,3790
2.1-09,marriage,month,Junio,2018,3737
2.1-09,marriage,month,Junio,2019,3335
2.1-09,marriage,month,Junio,2020,1748
2.1-09,marriage,month,Marzo,2016,4367
2.1-09,marriage,month,Marzo,2017,4282
2.1-09,marriage,month,Marzo,2018,4166
2.1-09,marriage,month,Marzo,2019,4339
2.1-09,marriage,month,Marzo,2020,2440
2.1-09,marriage,month,Mayo,2016,3412
2.1-09,marriage,month,Mayo,2017,3860
2.1-09,marriage,month,Mayo,2018,3941
2.1-09,marriage,month,Mayo,2019,4865
2.1-09,marriage,month,Mayo,2020,405
2.1-09,marriage,month,Noviembre,2016,3798
2.1-09,marriage,month,Noviembre,2017,3795
2.1-09,marriage,month,Noviembre,2018,3842
2.1-09,marriage,month,Noviembre,2019,3671
2.1-09,marriage,month,Noviembre,2020,3108
2.1-09,marriage,month,Octubre,2016,3504
2.1-09,marriage,month,Octubre,2017,3300
2.1-09,marriage,month,Octubre,2018,3527
2.1-09,marriage,month,Octubre,2019,3699
2.1-09,marriage,month,Octubre,2020,3156
2.1-09,marriage,month,Septiembre,2016,3901
2.1-09,marriage,month,Septiembre,2017,3309
2.1-09,marriage,month,Septiembre,2018,3397
2.1-09,marriage,month,Septiembre,2019,3613
2.1-09,marriage,month,Septiembre,2020,3113
2.1-09,marriage,month,total,2016,52898
2.1-09,marriage,month,total,2017,49625
2.1-09,marriage,month,total,2018,50067
2.1-09,marriage,month,total,2019,51938
2.1-09,marriage,month,total,2020,35104
2.1-10,marriage,geography,Azua,2016,583
2.1-10,marriage,geography,Azua,2017,669
2.1-10,marriage,geography,Azua,2018,766
2.1-10,marriage,geography,Azua,2019,789
2.1-10,marriage,geography,Azua,2020,643
2.1-10,marriage,geography,Baoruco,2016,219
2.1-10,marriage,geography,Baoruco,2017,275
2.1-10,marriage,geography,Baoruco,2018,293
2.1-10,marriage,geography,Baoruco,2019,337
2.1-10,marriage,geography,Baoruco,2020,242
2.1-10,marriage,geography,Barahona,2016,619
2.1-10,marriage,geography,Barahona,2017,671
2.1-10,marriage,geography,Barahona,2018,663
2.1-10,marriage,geography,Barahona,2019,792
2.1-10,marriage,geography,Barahona,2020,564
2.1-10,marriage,geography,Dajabón,2016,210
2.1-10,marriage,geography,Dajabón,2017,219
2.1-10,marriage,geography,Dajabón,2018,217
2.1-10,marriage,geography,Dajabón,2019,243
2.1-10,marriage,geography,Dajabón,2020,128
2.1-10,marriage,geography,Distrito Nacional,2016,7432
2.1-10,marriage,geography,Distrito Nacional,2017,6893
2.1-10,marriage,geography,Distrito Nacional,2018,6623
2.1-10,marriage,geography,Distrito Nacional,2019,7194
2.1-10,marriage,geography,Distrito Nacional,2020,4794
2.1-10,marriage,geography,Duarte,2016,1744
2.1-10,marriage,geography,Duarte,2017,1524
2.1-10,marriage,geography,Duarte,2018,1614
2.1-10,marriage,geography,Duarte,2019,1657
2.1-10,marriage,geography,Duarte,2020,1175
2.1-10,marriage,geography,El Seibo,2016,209
2.1-10,marriage,geography,El Seibo,2017,170
2.1-10,marriage,geography,El Seibo,2018,219
2.1-10,marriage,geography,El Seibo,2019,227
2.1-10,marriage,geography,El Seibo,2020,156
2.1-10,marriage,geography,Elías Piña,2016,37
2.1-10,marriage,geography,Elías Piña,2017,64
2.1-10,marriage,geography,Elías Piña,2018,35
2.1-10,marriage,geography,Elías Piña,2019,52
2.1-10,marriage,geography,Elías Piña,2020,50
2.1-10,marriage,geography,Espaillat,2016,1505
2.1-10,marriage,geography,Espaillat,2017,1287
2.1-10,marriage,geography,Espaillat,2018,1367
2.1-10,marriage,geography,Espaillat,2019,1405
2.1-10,marriage,geography,Espaillat,2020,1017
2.1-10,marriage,geography,Hato Mayor,2016,326
2.1-10,marriage,geography,Hato Mayor,2017,303
2.1-10,marriage,geography,Hato Mayor,2018,327
2.1-10,marriage,geography,Hato Mayor,2019,327
2.1-10,marriage,geography,Hato Mayor,2020,274
2.1-10,marriage,geography,Hermanas Mirabal,2016,729
2.1-10,marriage,geography,Hermanas Mirabal,2017,624
2.1-10,marriage,geography,Hermanas Mirabal,2018,618
2.1-10,marriage,geography,Hermanas Mirabal,2019,671
2.1-10,marriage,geography,Hermanas Mirabal,2020,485
2.1-10,marriage,geography,Independencia,2016,93
2.1-10,marriage,geography,Independencia,2017,104
2.1-10,marriage,geography,Independencia,2018,99
2.1-10,marriage,geography,Independencia,2019,117
2.1-10,marriage,geography,Independencia,2020,78
2.1-10,marriage,geography,La Altagracia,2016,2479
2.1-10,marriage,geography,La Altagracia,2017,2481
2.1-10,marriage,geography,La Altagracia,2018,2246
2.1-10,marriage,geography,La Altagracia,2019,2244
2.1-10,marriage,geography,La Altagracia,2020,1202
2.1-10,marriage,geography,La Vega,2016,2355
2.1-10,marriage,geography,La Vega,2017,2132
2.1-10,marriage,geography,La Vega,2018,2184
2.1-10,marriage,geography,La Vega,2019,2277
2.1-10,marriage,geography,La Vega,2020,1572
2.1-10,marriage,geography,La romana,2016,1353
2.1-10,marriage,geography,La romana,2017,1428
2.1-10,marriage,geography,La romana,2018,1363
2.1-10,marriage,geography,La romana,2019,1363
2.1-10,marriage,geography,La romana,2020,1002
2.1-10,marriage,geography,María Trinidad Sánchez,2016,691
2.1-10,marriage,geography,María Trinidad Sánchez,2017,645
2.1-10,marriage,geography,María Trinidad Sánchez,2018,710
2.1-10,marriage,geography,María Trinidad Sánchez,2019,729
2.1-10,marriage,geography,María Trinidad Sánchez,2020,524
2.1-10,marriage,geography,Monseñor Nouel,2016,1420
2.1-10,marriage,geography,Monseñor Nouel,2017,1156
2.1-10,marriage,geography,Monseñor Nouel,2018,1042
2.1-10,marriage,geography,Monseñor Nouel,2019,1127
2.1-10,marriage,geography,Monseñor Nouel,2020,800
2.1-10,marriage,geography,Monte Cristi,2016,562
2.1-10,marriage,geography,Monte Cristi,2017,452
2.1-10,marriage,geography,Monte Cristi,2018,508
2.1-10,marriage,geography,Monte Cristi,2019,531
2.1-10,marriage,geography,Monte Cristi,2020,363
2.1-10,marriage,geography,Monte Plata,2016,521
2.1-10,marriage,geography,Monte Plata,2017,497
2.1-10,marriage,geography,Monte Plata,2018,540
2.1-10,marriage,geography,Monte Plata,2019,586
2.1-10,marriage,geography,Monte Plata,2020,445
2.1-10,marriage,geography,Pedernales,2016,40
2.1-10,marriage,geography,Pedernales,2017,37
2.1-10,marriage,geography,Pedernales,2018,48
2.1-10,marriage,geography,Pedernales,2019,44
2.1-10,marriage,geography,Pedernales,2020,22
2.1-10,marriage,geography,Peravia,2016,1011
2.1-10,marriage,geography,Peravia,2017,830
2.1-10,marriage,geography,Peravia,2018,765
2.1-10,marriage,geography,Peravia,2019,839
2.1-10,marriage,geography,Peravia,2020,538
2.1-10,marriage,geography,Puerto Plata,2016,1671
2.1-10,marriage,geography,Puerto Plata,2017,1806
2.1-10,marriage,geography,Puerto Plata,2018,1926
2.1-10,marriage,geography,Puerto Plata,2019,1964
2.1-10,marriage,geography,Puerto Plata,2020,1281
2.1-10,marriage,geography,Región El Valle,2016,427
2.1-10,marriage,geography,Región El Valle,2017,568
2.1-10,marriage,geography,Región El Valle,2018,441
2.1-10,marriage,geography,Región El Valle,2019,473
2.1-10,marriage,geography,Región El Valle,2020,364
2.1-10,marriage,geography,Región Enriquillo,2016,971
2.1-10,marriage,geography,Región Enriquillo,2017,1087
2.1-10,marriage,geography,Región Enriquillo,2018,1103
2.1-10,marriage,geography,Región Enriquillo,2019,1290
2.1-10,marriage,geography,Región Enriquillo,2020,906
2.1-10,marriage,geography,Región Higuamo,2016,2330
2.1-10,marriage,geography,Región Higuamo,2017,2310
2.1-10,marriage,geography,Región Higuamo,2018,2350
2.1-10,marriage,geography,Región Higuamo,2019,2386
2.1-10,marriage,geography,Región Higuamo,2020,1784
2.1-10,marriage,geography,Región Metropolitana,2016,19095
2.1-10,marriage,geography,Región Metropolitana,2017,18075
2.1-10,marriage,geography,Región Metropolitana,2018,18250
2.1-10,marriage,geography,Región Metropolitana,2019,18668
2.1-10,marriage,geography,Región Metropolitana,2020,12158
2.1-10,marriage,geography,Región Valdesia,2016,4353
2.1-10,marriage,geography,Región Valdesia,2017,4196
2.1-10,marriage,geography,Región Valdesia,2018,4244
2.1-10,marriage,geography,Región Valdesia,2019,4369
2.1-10,marriage,geography,Región Valdesia,2020,3199
2.1-10,marriage,geography,Región Yuma,2016,4041
2.1-10,marriage,geography,Región Yuma,2017,4079
2.1-10,marriage,geography,Región Yuma,2018,3828
2.1-10,marriage,geography,Región Yuma,2019,3834
2.1-10,marriage,geography,Región Yuma,2020,2360
2.1-10,marriage,geography,Región cibao Sur,2016,4683
2.1-10,marriage,geography,Región cibao Sur,2017,3990
2.1-10,marriage,geography,Región cibao Sur,2018,3853
2.1-10,marriage,geography,Región cibao Sur,2019,4075
2.1-10,marriage,geography,Región cibao Sur,2020,2851
2.1-10,marriage,geography,Región cibao nordeste,2016,3587
2.1-10,marriage,geography,Región cibao nordeste,2017,3202
2.1-10,marriage,geography,Región cibao nordeste,2018,3244
2.1-10,marriage,geography,Región cibao nordeste,2019,3449
2.1-10,marriage,geography,Región cibao nordeste,2020,2446
2.1-10,marriage,geography,Región cibao noroeste,2016,1897
2.1-10,marriage,geography,Región cibao noroeste,2017,1732
2.1-10,marriage,geography,Región cibao noroeste,2018,1731
2.1-10,marriage,geography,Región cibao noroeste,2019,1986
2.1-10,marriage,geography,Región cibao noroeste,2020,1276
2.1-10,marriage,geography,Región cibao norte,2016,11514
2.1-10,marriage,geography,Región cibao norte,2017,10386
2.1-10,marriage,geography,Región cibao norte,2018,11023
2.1-10,marriage,geography,Región cibao norte,2019,11408
2.1-10,marriage,geography,Región cibao norte,2020,7760
2.1-10,marriage,geography,Samaná,2016,423
2.1-10,marriage,geography,Samaná,2017,409
2.1-10,marriage,geography,Samaná,2018,302
2.1-10,marriage,geography,Samaná,2019,392
2.1-10,marriage,geography,Samaná,2020,262
2.1-10,marriage,geography,San Cristóbal,2016,2563
2.1-10,marriage,geography,San Cristóbal,2017,2518
2.1-10,marriage,geography,San Cristóbal,2018,2525
2.1-10,marriage,geography,San Cristóbal,2019,2544
2.1-10,marriage,geography,San Cristóbal,2020,1872
2.1-10,marriage,geography,San José de Ocoa,2016,196
2.1-10,marriage,geography,San José de Ocoa,2017,179
2.1-10,marriage,geography,San José de Ocoa,2018,188
2.1-10,marriage,geography,San José de Ocoa,2019,197
2.1-10,marriage,geography,San José de Ocoa,2020,146
2.1-10,marriage,geography,San Juan,2016,390
2.1-10,marriage,geography,San Juan,2017,504
2.1-10,marriage,geography,San Juan,2018,406
2.1-10,marriage,geography,San Juan,2019,421
2.1-10,marriage,geography,San Juan,2020,314
2.1-10,marriage,geography,San Pedro de Macorís,2016,1483
2.1-10,marriage,geography,San Pedro de Macorís,2017,1510
2.1-10,marriage,geography,San Pedro de Macorís,2018,1483
2.1-10,marriage,geography,San Pedro de Macorís,2019,1473
2.1-10,marriage,geography,San Pedro de Macorís,2020,1065
2.1-10,marriage,geography,Santiago,2016,8338
2.1-10,marriage,geography,Santiago,2017,7293
2.1-10,marriage,geography,Santiago,2018,7730
2.1-10,marriage,geography,Santiago,2019,8039
2.1-10,marriage,geography,Santiago,2020,5462
2.1-10,marriage,geography,Santiago Rodríguez,2016,306
2.1-10,marriage,geography,Santiago Rodríguez,2017,310
2.1-10,marriage,geography,Santiago Rodríguez,2018,248
2.1-10,marriage,geography,Santiago Rodríguez,2019,314
2.1-10,marriage,geography,Santiago Rodríguez,2020,222
2.1-10,marriage,geography,Santo Domingo,2016,11663
2.1-10,marriage,geography,Santo Domingo,2017,11182
2.1-10,marriage,geography,Santo Domingo,2018,11627
2.1-10,marriage,geography,Santo Domingo,2019,11474
2.1-10,marriage,geography,Santo Domingo,2020,7364
2.1-10,marriage,geography,Sánchez ramírez,2016,908
2.1-10,marriage,geography,Sánchez ramírez,2017,702
2.1-10,marriage,geography,Sánchez ramírez,2018,627
2.1-10,marriage,geography,Sánchez ramírez,2019,671
2.1-10,marriage,geography,Sánchez ramírez,2020,479
2.1-10,marriage,geography,Valverde,2016,819
2.1-10,marriage,geography,Valverde,2017,751
2.1-10,marriage,geography,Valverde,2018,758
2.1-10,marriage,geography,Valverde,2019,898
2.1-10,marriage,geography,Valverde,2020,563
2.1-10,marriage,geography,total,2016,52898
2.1-10,marriage,geography,total,2017,49625
2.1-10,marriage,geography,total,2018,50067
2.1-10,marriage,geography,total,2019,51938
2.1-10,marriage,geography,total,2020,35104
2.1-11,divorce,month,Abril,2016,1753
2.1-11,divorce,month,Abril,2017,1840
2.1-11,divorce,month,Abril,2018,2077
2.1-11,divorce,month,Abril,2019,1834
2.1-11,divorce,month,Abril,2020,5
2.1-11,divorce,month,Agosto,2016,1955
2.1-11,divorce,month,Agosto,2017,1922
2.1-11,divorce,month,Agosto,2018,2090
2.1-11,divorce,month,Agosto,2019,2425
2.1-11,divorce,month,Agosto,2020,887
2.1-11,divorce,month,Diciembre,2016,2246
2.1-11,divorce,month,Diciembre,2017,2296
2.1-11,divorce,month,Diciembre,2018,1772
2.1-11,divorce,month,Diciembre,2019,2121
2.1-11,divorce,month,Diciembre,2020,1440
2.1-11,divorce,month,Enero,2016,1560
2.1-11,divorce,month,Enero,2017,1910
2.1-11,divorce,month,Enero,2018,2115
2.1-11,divorce,month,Enero,2019,2353
2.1-11,divorce,month,Enero,2020,2310
2.1-11,divorce,month,Febrero,2016,1765
2.1-11,divorce,month,Febrero,2017,1791
2.1-11,divorce,month,Febrero,2018,1816
2.1-11,divorce,month,Febrero,2019,1803
2.1-11,divorce,month,Febrero,2020,1799
2.1-11,divorce,month,Julio,2016,1702
2.1-11,divorce,month,Julio,2017,2155
2.1-11,divorce,month,Julio,2018,2208
2.1-11,divorce,month,Julio,2019,2146
2.1-11,divorce,month,Julio,2020,681
2.1-11,divorce,month,Junio,2016,2062
2.1-11,divorce,month,Junio,2017,1988
2.1-11,divorce,month,Junio,2018,2112
2.1-11,divorce,month,Junio,2019,1866
2.1-11,divorce,month,Junio,2020,232
2.1-11,divorce,month,Marzo,2016,1683
2.1-11,divorce,month,Marzo,2017,2219
2.1-11,divorce,month,Marzo,2018,2138
2.1-11,divorce,month,Marzo,2019,2139
2.1-11,divorce,month,Marzo,2020,1187
2.1-11,divorce,month,Mayo,2016,1631
2.1-11,divorce,month,Mayo,2017,2054
2.1-11,divorce,month,Mayo,2018,2173
2.1-11,divorce,month,Mayo,2019,2398
2.1-11,divorce,month,Mayo,2020,164
2.1-11,divorce,month,Noviembre,2016,1941
2.1-11,divorce,month,Noviembre,2017,2130
2.1-11,divorce,month,Noviembre,2018,2075
2.1-11,divorce,month,Noviembre,2019,2294
2.1-11,divorce,month,Noviembre,2020,1222
2.1-11,divorce,month,Octubre,2016,1756
2.1-11,divorce,month,Octubre,2017,2250
2.1-11,divorce,month,Octubre,2018,2327
2.1-11,divorce,month,Octubre,2019,2602
2.1-11,divorce,month,Octubre,2020,1387
2.1-11,divorce,month,Septiembre,2016,1819
2.1-11,divorce,month,Septiembre,2017,1663
2.1-11,divorce,month,Septiembre,2018,1869
2.1-11,divorce,month,Septiembre,2019,2134
2.1-11,divorce,month,Septiembre,2020,1239
2.1-11,divorce,month,total,2016,21873
2.1-11,divorce,month,total,2017,24218
2.1-11,divorce,month,total,2018,24772
2.1-11,divorce,month,total,2019,26115
2.1-11,divorce,month,total,2020,12553
2.1-12,divorce,geography,Azua,2016,292
2.1-12,divorce,geography,Azua,2017,313
2.1-12,divorce,geography,Azua,2018,316
2.1-12,divorce,geography,Azua,2019,336
2.1-12,divorce,geography,Azua,2020,154
2.1-12,divorce,geography,Baoruco,2016,92
2.1-12,divorce,geography,Baoruco,2017,109
2.1-12,divorce,geography,Baoruco,2018,132
2.1-12,divorce,geography,Baoruco,2019,146
2.1-12,divorce,geography,Baoruco,2020,79
2.1-12,divorce,geography,Barahona,2016,331
2.1-12,divorce,geography,Barahona,2017,347
2.1-12,divorce,geography,Barahona,2018,400
2.1-12,divorce,geography,Barahona,2019,375
2.1-12,divorce,geography,Barahona,2020,232
2.1-12,divorce,geography,Dajabón,2016,68
2.1-12,divorce,geography,Dajabón,2017,80
2.1-12,divorce,geography,Dajabón,2018,74
2.1-12,divorce,geography,Dajabón,2019,55
2.1-12,divorce,geography,Dajabón,2020,45
2.1-12,divorce,geography,Distrito Nacional,2016,4593
2.1-12,divorce,geography,Distrito Nacional,2017,4785
2.1-12,divorce,geography,Distrito Nacional,2018,5465
2.1-12,divorce,geography,Distrito Nacional,2019,5834
2.1-12,divorce,geography,Distrito Nacional,2020,2527
2.1-12,divorce,geography,Duarte,2016,1078
2.1-12,divorce,geography,Duarte,2017,1068
2.1-12,divorce,geography,Duarte,2018,1237
2.1-12,divorce,geography,Duarte,2019,1239
2.1-12,divorce,geography,Duarte,2020,621
2.1-12,divorce,geography,El Seibo,2016,109
2.1-12,divorce,geography,El Seibo,2017,111
2.1-12,divorce,geography,El Seibo,2018,93
2.1-12,divorce,geography,El Seibo,2019,102
2.1-12,divorce,geography,El Seibo,2020,57
2.1-12,divorce,geography,Elías Piña,2016,14
2.1-12,divorce,geography,Elías Piña,2017,17
2.1-12,divorce,geography,Elías Piña,2018,16
2.1-12,divorce,geography,Elías Piña,2019,16
2.1-12,divorce,geography,Elías Piña,2020,10
2.1-12,divorce,geography,Espaillat,2016,562
2.1-12,divorce,geography,Espaillat,2017,712
2.1-12,divorce,geography,Espaillat,2018,819
2.1-12,divorce,geography,Espaillat,2019,680
2.1-12,divorce,geography,Espaillat,2020,381
2.1-12,divorce,geography,Hato Mayor,2016,174
2.1-12,divorce,geography,Hato Mayor,2017,199
2.1-12,divorce,geography,Hato Mayor,2018,244
2.1-12,divorce,geography,Hato Mayor,2019,245
2.1-12,divorce,geography,Hato Mayor,2020,112
2.1-12,divorce,geography,Hermanas Mirabal,2016,403
2.1-12,divorce,geography,Hermanas Mirabal,2017,338
2.1-12,divorce,geography,Hermanas Mirabal,2018,384
2.1-12,divorce,geography,Hermanas Mirabal,2019,431
2.1-12,divorce,geography,Hermanas Mirabal,2020,247
2.1-12,divorce,geography,Independencia,2016,7
2.1-12,divorce,geography,Independencia,2017,19
2.1-12,divorce,geography,Independencia,2018,19
2.1-12,divorce,geography,Independencia,2019,19
2.1-12,divorce,geography,Independencia,2020,32
2.1-12,divorce,geography,La Altagracia,2016,386
2.1-12,divorce,geography,La Altagracia,2017,360
2.1-12,divorce,geography,La Altagracia,2018,346
2.1-12,divorce,geography,La Altagracia,2019,464
2.1-12,divorce,geography,La Altagracia,2020,229
2.1-12,divorce,geography,La Vega,2016,1471
2.1-12,divorce,geography,La Vega,2017,1781
2.1-12,divorce,geography,La Vega,2018,1599
2.1-12,divorce,geography,La Vega,2019,1599
2.1-12,divorce,geography,La Vega,2020,757
2.1-12,divorce,geography,La romana,2016,547
2.1-12,divorce,geography,La romana,2017,593
2.1-12,divorce,geography,La romana,2018,617
2.1-12,divorce,geography,La romana,2019,610
2.1-12,divorce,geography,La romana,2020,281
2.1-12,divorce,geography,María Trinidad Sánchez,2016,343
2.1-12,divorce,geography,María Trinidad Sánchez,2017,348
2.1-12,divorce,geography,María Trinidad Sánchez,2018,420
2.1-12,divorce,geography,María Trinidad Sánchez,2019,355
2.1-12,divorce,geography,María Trinidad Sánchez,2020,219
2.1-12,divorce,geography,Monseñor Nouel,2016,1016
2.1-12,divorce,geography,Monseñor Nouel,2017,1066
2.1-12,divorce,geography,Monseñor Nouel,2018,880
2.1-12,divorce,geography,Monseñor Nouel,2019,989
2.1-12,divorce,geography,Monseñor Nouel,2020,261
2.1-12,divorce,geography,Monte Cristi,2016,226
2.1-12,divorce,geography,Monte Cristi,2017,223
2.1-12,divorce,geography,Monte Cristi,2018,240
2.1-12,divorce,geography,Monte Cristi,2019,263
2.1-12,divorce,geography,Monte Cristi,2020,112
2.1-12,divorce,geography,Monte Plata,2016,173
2.1-12,divorce,geography,Monte Plata,2017,208
2.1-12,divorce,geography,Monte Plata,2018,138
2.1-12,divorce,geography,Monte Plata,2019,167
2.1-12,divorce,geography,Monte Plata,2020,84
2.1-12,divorce,geography,Pedernales,2016,15
2.1-12,divorce,geography,Pedernales,2017,22
2.1-12,divorce,geography,Pedernales,2018,23
2.1-12,divorce,geography,Pedernales,2019,22
2.1-12,divorce,geography,Pedernales,2020,15
2.1-12,divorce,geography,Peravia,2016,282
2.1-12,divorce,geography,Peravia,2017,217
2.1-12,divorce,geography,Peravia,2018,269
2.1-12,divorce,geography,Peravia,2019,279
2.1-12,divorce,geography,Peravia,2020,138
2.1-12,divorce,geography,Puerto Plata,2016,732
2.1-12,divorce,geography,Puerto Plata,2017,721
2.1-12,divorce,geography,Puerto Plata,2018,796
2.1-12,divorce,geography,Puerto Plata,2019,838
2.1-12,divorce,geography,Puerto Plata,2020,455
2.1-12,divorce,geography,Región El Valle,2016,183
2.1-12,divorce,geography,Región El Valle,2017,136
2.1-12,divorce,geography,Región El Valle,2018,155
2.1-12,divorce,geography,Región El Valle,2019,155
2.1-12,divorce,geography,Región El Valle,2020,111
2.1-12,divorce,geography,Región Enriquillo,2016,445
2.1-12,divorce,geography,Región Enriquillo,2017,497
2.1-12,divorce,geography,Región Enriquillo,2018,574
2.1-12,divorce,geography,Región Enriquillo,2019,562
2.1-12,divorce,geography,Región Enriquillo,2020,358
2.1-12,divorce,geography,Región Higuamo,2016,757
2.1-12,divorce,geography,Región Higuamo,2017,848
2.1-12,divorce,geography,Región Higuamo,2018,898
2.1-12,divorce,geography,Región Higuamo,2019,1058
2.1-12,divorce,geography,Región Higuamo,2020,609
2.1-12,divorce,geography,Región Metropolitana,2016,7301
2.1-12,divorce,geography,Región Metropolitana,2017,7374
2.1-12,divorce,geography,Región Metropolitana,2018,7665
2.1-12,divorce,geography,Región Metropolitana,2019,8240
2.1-12,divorce,geography,Región Metropolitana,2020,3622
2.1-12,divorce,geography,Región Valdesia,2016,1646
2.1-12,divorce,geography,Región Valdesia,2017,1648
2.1-12,divorce,geography,Región Valdesia,2018,1931
2.1-12,divorce,geography,Región Valdesia,2019,1874
2.1-12,divorce,geography,Región Valdesia,2020,886
2.1-12,divorce,geography,Región Yuma,2016,1042
2.1-12,divorce,geography,Región Yuma,2017,1064
2.1-12,divorce,geography,Región Yuma,2018,1056
2.1-12,divorce,geography,Región Yuma,2019,1176
2.1-12,divorce,geography,Región Yuma,2020,567
2.1-12,divorce,geography,Región cibao Sur,2016,2770
2.1-12,divorce,geography,Región cibao Sur,2017,3137
2.1-12,divorce,geography,Región cibao Sur,2018,2770
2.1-12,divorce,geography,Región cibao Sur,2019,2967
2.1-12,divorce,geography,Región cibao Sur,2020,1184
2.1-12,divorce,geography,Región cibao nordeste,2016,1975
2.1-12,divorce,geography,Región cibao nordeste,2017,1894
2.1-12,divorce,geography,Región cibao nordeste,2018,2226
2.1-12,divorce,geography,Región cibao nordeste,2019,2213
2.1-12,divorce,geography,Región cibao nordeste,2020,1177
2.1-12,divorce,geography,Región cibao noroeste,2016,1133
2.1-12,divorce,geography,Región cibao noroeste,2017,1468
2.1-12,divorce,geography,Región cibao noroeste,2018,1377
2.1-12,divorce,geography,Región cibao noroeste,2019,1440
2.1-12,divorce,geography,Región cibao noroeste,2020,924
2.1-12,divorce,geography,Región cibao norte,2016,4621
2.1-12,divorce,geography,Región cibao norte,2017,6152
2.1-12,divorce,geography,Región cibao norte,2018,6120
2.1-12,divorce,geography,Región cibao norte,2019,6430
2.1-12,divorce,geography,Región cibao norte,2020,3115
2.1-12,divorce,geography,Samaná,2016,151
2.1-12,divorce,geography,Samaná,2017,140
2.1-12,divorce,geography,Samaná,2018,185
2.1-12,divorce,geography,Samaná,2019,188
2.1-12,divorce,geography,Samaná,2020,90
2.1-12,divorce,geography,San Cristóbal,2016,367
2.1-12,divorce,geography,San Cristóbal,2017,374
2.1-12,divorce,geography,San Cristóbal,2018,441
2.1-12,divorce,geography,San Cristóbal,2019,523
2.1-12,divorce,geography,San Cristóbal,2020,283
2.1-12,divorce,geography,San José de Ocoa,2016,705
2.1-12,divorce,geography,San José de Ocoa,2017,744
2.1-12,divorce,geography,San José de Ocoa,2018,905
2.1-12,divorce,geography,San José de Ocoa,2019,736
2.1-12,divorce,geography,San José de Ocoa,2020,311
2.1-12,divorce,geography,San Juan,2016,169
2.1-12,divorce,geography,San Juan,2017,119
2.1-12,divorce,geography,San Juan,2018,139
2.1-12,divorce,geography,San Juan,2019,139
2.1-12,divorce,geography,San Juan,2020,101
2.1-12,divorce,geography,San Pedro de Macorís,2016,410
2.1-12,divorce,geography,San Pedro de Macorís,2017,441
2.1-12,divorce,geography,San Pedro de Macorís,2018,516
2.1-12,divorce,geography,San Pedro de Macorís,2019,646
2.1-12,divorce,geography,San Pedro de Macorís,2020,413
2.1-12,divorce,geography,Santiago,2016,3327
2.1-12,divorce,geography,Santiago,2017,4719
2.1-12,divorce,geography,Santiago,2018,4505
2.1-12,divorce,geography,Santiago,2019,4912
2.1-12,divorce,geography,Santiago,2020,2279
2.1-12,divorce,geography,Santiago Rodríguez,2016,447
2.1-12,divorce,geography,Santiago Rodríguez,2017,787
2.1-12,divorce,geography,Santiago Rodríguez,2018,349
2.1-12,divorce,geography,Santiago Rodríguez,2019,203
2.1-12,divorce,geography,Santiago Rodríguez,2020,93
2.1-12,divorce,geography,Santo Domingo,2016,2708
2.1-12,divorce,geography,Santo Domingo,2017,2589
2.1-12,divorce,geography,Santo Domingo,2018,2200
2.1-12,divorce,geography,Santo Domingo,2019,2406
2.1-12,divorce,geography,Santo Domingo,2020,1095
2.1-12,divorce,geography,Sánchez ramírez,2016,283
2.1-12,divorce,geography,Sánchez ramírez,2017,290
2.1-12,divorce,geography,Sánchez ramírez,2018,291
2.1-12,divorce,geography,Sánchez ramírez,2019,379
2.1-12,divorce,geography,Sánchez ramírez,2020,166
2.1-12,divorce,geography,Valverde,2016,392
2.1-12,divorce,geography,Valverde,2017,378
2.1-12,divorce,geography,Valverde,2018,714
2.1-12,divorce,geography,Valverde,2019,919
2.1-12,divorce,geography,Valverde,2020,674
2.1-12,divorce,geography,total,2016,21873
2.1-12,divorce,geography,total,2017,24218
2.1-12,divorce,geography,total,2018,24772
2.1-12,divorce,geography,total,2019,26115
2.1-12,divorce,geography,total,2020,12553
